{"stats":{"minecraft:killed":{"minecraft:pig":3,"minecraft:spider":1,"minecraft:iron_golem":1,"minecraft:sheep":5,"minecraft:cow":1},"minecraft:dropped":{"minecraft:polished_diorite":36,"minecraft:cobbled_deepslate":1,"minecraft:leather":2,"minecraft:leather_helmet":1,"minecraft:poppy":1,"minecraft:leather_boots":1,"minecraft:wooden_shovel":1,"minecraft:spider_eye":1,"minecraft:stone_pickaxe":1,"minecraft:wooden_pickaxe":1,"minecraft:white_wool":1,"minecraft:polished_deepslate":28},"minecraft:mined":{"minecraft:diamond_ore":2,"minecraft:white_bed":4,"minecraft:deepslate_diamond_ore":3,"minecraft:crafting_table":2,"minecraft:grass_block":3,"minecraft:tall_grass":2,"minecraft:lapis_ore":2,"minecraft:diorite":44,"minecraft:hay_block":48,"minecraft:birch_log":4,"minecraft:iron_ore":23,"minecraft:andesite":5,"minecraft:grass":3,"minecraft:oak_log":50,"minecraft:coal_ore":14,"minecraft:deepslate_iron_ore":6,"minecraft:dirt":5,"minecraft:stone":135,"minecraft:deepslate":33,"minecraft:oak_leaves":7},"minecraft:used":{"minecraft:birch_planks":1,"minecraft:stone_pickaxe":109,"minecraft:wooden_pickaxe":4,"minecraft:wooden_shovel":4,"minecraft:iron_chestplate":1,"minecraft:dirt":8,"minecraft:crafting_table":4,"minecraft:white_bed":5,"minecraft:black_wool":1,"minecraft:bread":6,"minecraft:iron_pickaxe":157,"minecraft:stone_axe":83,"minecraft:cobblestone":2,"minecraft:beef":1,"minecraft:hay_block":3,"minecraft:furnace":1,"minecraft:andesite":3,"minecraft:iron_leggings":1},"minecraft:picked_up":{"minecraft:birch_log":4,"minecraft:crafting_table":2,"minecraft:andesite":3,"minecraft:leather":2,"minecraft:oak_log":49,"minecraft:lapis_lazuli":13,"minecraft:string":2,"minecraft:dirt":8,"minecraft:apple":1,"minecraft:cobbled_deepslate":33,"minecraft:iron_ingot":3,"minecraft:beef":1,"minecraft:poppy":1,"minecraft:stick":4,"minecraft:raw_iron":28,"minecraft:porkchop":7,"minecraft:diorite":42,"minecraft:white_bed":4,"minecraft:spider_eye":1,"minecraft:diamond":5,"minecraft:hay_block":48,"minecraft:black_wool":1,"minecraft:mutton":8,"minecraft:coal":14,"minecraft:cobblestone":126,"minecraft:white_wool":4},"minecraft:crafted":{"minecraft:oak_planks":196,"minecraft:wooden_shovel":1,"minecraft:crafting_table":2,"minecraft:wooden_pickaxe":1,"minecraft:furnace":1,"minecraft:birch_planks":16,"minecraft:stone_axe":1,"minecraft:bread":135,"minecraft:cooked_mutton":3,"minecraft:air":0,"minecraft:iron_chestplate":1,"minecraft:polished_diorite":36,"minecraft:iron_boots":1,"minecraft:polished_deepslate":28,"minecraft:stick":8,"minecraft:iron_ingot":22,"minecraft:iron_pickaxe":1,"minecraft:stone_pickaxe":1,"minecraft:iron_leggings":1,"minecraft:white_bed":1,"minecraft:wheat":405},"minecraft:custom":{"minecraft:interact_with_furnace":8,"minecraft:mob_kills":11,"minecraft:interact_with_crafting_table":17,"minecraft:leave_game":2,"minecraft:time_since_death":76082,"minecraft:sleep_in_bed":8,"minecraft:time_since_rest":1015,"minecraft:sprint_one_cm":78040,"minecraft:damage_taken":147,"minecraft:walk_one_cm":52464,"minecraft:drop":15,"minecraft:damage_dealt":1989,"minecraft:swim_one_cm":1623,"minecraft:fly_one_cm":120923,"minecraft:open_chest":1,"minecraft:crouch_one_cm":2419,"minecraft:play_time":76082,"minecraft:sneak_time":1691,"minecraft:walk_under_water_one_cm":28,"minecraft:jump":581,"minecraft:walk_on_water_one_cm":2671,"minecraft:total_world_time":76082,"minecraft:fall_one_cm":12745}},"DataVersion":2975}