{"stats":{"minecraft:killed":{"minecraft:sheep":4,"minecraft:pig":3,"minecraft:spider":1,"minecraft:iron_golem":1},"minecraft:dropped":{"minecraft:poppy":1,"minecraft:wooden_shovel":1,"minecraft:spider_eye":1,"minecraft:wooden_pickaxe":1},"minecraft:mined":{"minecraft:hay_block":48,"minecraft:white_bed":2,"minecraft:birch_log":4,"minecraft:andesite":2,"minecraft:crafting_table":1,"minecraft:grass":3,"minecraft:coal_ore":9,"minecraft:grass_block":2,"minecraft:oak_log":17,"minecraft:dirt":3,"minecraft:tall_grass":2,"minecraft:stone":29,"minecraft:oak_leaves":5},"minecraft:used":{"minecraft:birch_planks":1,"minecraft:bread":6,"minecraft:stone_pickaxe":36,"minecraft:wooden_pickaxe":4,"minecraft:wooden_shovel":4,"minecraft:stone_axe":45,"minecraft:dirt":5,"minecraft:cobblestone":1,"minecraft:hay_block":3,"minecraft:crafting_table":2,"minecraft:white_bed":2},"minecraft:picked_up":{"minecraft:birch_log":4,"minecraft:stick":4,"minecraft:crafting_table":1,"minecraft:porkchop":7,"minecraft:oak_log":16,"minecraft:white_bed":2,"minecraft:string":2,"minecraft:spider_eye":1,"minecraft:dirt":5,"minecraft:apple":1,"minecraft:hay_block":48,"minecraft:iron_ingot":3,"minecraft:poppy":1,"minecraft:coal":9,"minecraft:mutton":6,"minecraft:white_wool":4,"minecraft:cobblestone":20},"minecraft:crafted":{"minecraft:oak_planks":64,"minecraft:wooden_shovel":1,"minecraft:crafting_table":1,"minecraft:stick":8,"minecraft:wooden_pickaxe":1,"minecraft:stone_pickaxe":1,"minecraft:white_bed":1,"minecraft:birch_planks":16,"minecraft:stone_axe":1,"minecraft:bread":128,"minecraft:cooked_mutton":3,"minecraft:air":0,"minecraft:wheat":405},"minecraft:custom":{"minecraft:time_since_rest":4226,"minecraft:interact_with_furnace":1,"minecraft:sprint_one_cm":55633,"minecraft:damage_taken":147,"minecraft:walk_one_cm":22312,"minecraft:mob_kills":9,"minecraft:drop":4,"minecraft:damage_dealt":1809,"minecraft:swim_one_cm":1623,"minecraft:interact_with_crafting_table":7,"minecraft:fly_one_cm":108800,"minecraft:open_chest":1,"minecraft:crouch_one_cm":1842,"minecraft:play_time":34005,"minecraft:sneak_time":1190,"minecraft:walk_under_water_one_cm":28,"minecraft:jump":502,"minecraft:walk_on_water_one_cm":2671,"minecraft:time_since_death":34005,"minecraft:sleep_in_bed":3,"minecraft:total_world_time":34005,"minecraft:fall_one_cm":12118}},"DataVersion":2975}