{"stats":{"minecraft:killed":{"minecraft:pig":3,"minecraft:spider":1,"minecraft:iron_golem":1,"minecraft:sheep":5,"minecraft:cow":1},"minecraft:dropped":{"minecraft:polished_diorite":40,"minecraft:stone_axe":1,"minecraft:cobbled_deepslate":4,"minecraft:leather":2,"minecraft:leather_helmet":1,"minecraft:deepslate_bricks":4,"minecraft:poppy":1,"minecraft:deepslate_tiles":36,"minecraft:diorite":6,"minecraft:leather_boots":1,"minecraft:wooden_shovel":1,"minecraft:spider_eye":1,"minecraft:stone_pickaxe":1,"minecraft:wooden_pickaxe":1,"minecraft:string":2,"minecraft:white_wool":1,"minecraft:polished_deepslate":28},"minecraft:mined":{"minecraft:diamond_ore":2,"minecraft:white_bed":5,"minecraft:deepslate_diamond_ore":8,"minecraft:crafting_table":3,"minecraft:grass_block":3,"minecraft:tall_grass":2,"minecraft:deepslate_gold_ore":8,"minecraft:lapis_ore":2,"minecraft:diorite":59,"minecraft:hay_block":48,"minecraft:furnace":1,"minecraft:cobbled_deepslate":2,"minecraft:birch_log":4,"minecraft:iron_ore":33,"minecraft:andesite":5,"minecraft:grass":3,"minecraft:oak_log":50,"minecraft:coal_ore":14,"minecraft:deepslate_iron_ore":9,"minecraft:gravel":12,"minecraft:dirt":5,"minecraft:stone":144,"minecraft:gold_ore":8,"minecraft:deepslate":74,"minecraft:oak_leaves":7},"minecraft:used":{"minecraft:diorite":5,"minecraft:birch_planks":1,"minecraft:stone_pickaxe":109,"minecraft:wooden_pickaxe":4,"minecraft:wooden_shovel":4,"minecraft:iron_chestplate":1,"minecraft:dirt":8,"minecraft:crafting_table":4,"minecraft:white_bed":5,"minecraft:black_wool":1,"minecraft:iron_axe":1,"minecraft:bread":6,"minecraft:iron_pickaxe":263,"minecraft:gravel":8,"minecraft:stone_axe":83,"minecraft:cobblestone":11,"minecraft:beef":1,"minecraft:hay_block":3,"minecraft:furnace":1,"minecraft:bucket":1,"minecraft:andesite":3,"minecraft:cobbled_deepslate":2,"minecraft:iron_leggings":1},"minecraft:picked_up":{"minecraft:birch_log":4,"minecraft:crafting_table":3,"minecraft:andesite":3,"minecraft:leather":2,"minecraft:oak_log":49,"minecraft:lapis_lazuli":13,"minecraft:string":2,"minecraft:dirt":8,"minecraft:apple":1,"minecraft:cobbled_deepslate":75,"minecraft:raw_gold":16,"minecraft:iron_ingot":3,"minecraft:beef":1,"minecraft:poppy":1,"minecraft:furnace":1,"minecraft:stick":4,"minecraft:raw_iron":42,"minecraft:gravel":11,"minecraft:porkchop":7,"minecraft:diorite":56,"minecraft:white_bed":5,"minecraft:spider_eye":1,"minecraft:diamond":10,"minecraft:hay_block":48,"minecraft:gold_ingot":1,"minecraft:black_wool":1,"minecraft:mutton":8,"minecraft:coal":18,"minecraft:cobblestone":135,"minecraft:white_wool":4},"minecraft:crafted":{"minecraft:oak_planks":196,"minecraft:wooden_shovel":1,"minecraft:cooked_porkchop":7,"minecraft:crafting_table":2,"minecraft:iron_helmet":1,"minecraft:wooden_pickaxe":1,"minecraft:furnace":1,"minecraft:bucket":2,"minecraft:birch_planks":16,"minecraft:deepslate_tiles":36,"minecraft:stone_axe":1,"minecraft:bread":135,"minecraft:cooked_mutton":3,"minecraft:air":0,"minecraft:iron_chestplate":1,"minecraft:polished_diorite":40,"minecraft:iron_boots":1,"minecraft:polished_deepslate":68,"minecraft:shield":1,"minecraft:iron_axe":1,"minecraft:stick":12,"minecraft:iron_ingot":42,"minecraft:iron_pickaxe":2,"minecraft:stone_pickaxe":1,"minecraft:gold_ingot":15,"minecraft:iron_leggings":1,"minecraft:white_bed":1,"minecraft:deepslate_bricks":40,"minecraft:wheat":405},"minecraft:broken":{"minecraft:iron_pickaxe":1},"minecraft:custom":{"minecraft:interact_with_furnace":24,"minecraft:mob_kills":11,"minecraft:interact_with_crafting_table":22,"minecraft:leave_game":2,"minecraft:time_since_death":88082,"minecraft:sleep_in_bed":9,"minecraft:time_since_rest":10678,"minecraft:sprint_one_cm":86429,"minecraft:damage_taken":147,"minecraft:walk_one_cm":64708,"minecraft:drop":30,"minecraft:damage_dealt":1989,"minecraft:swim_one_cm":1623,"minecraft:fly_one_cm":123344,"minecraft:open_chest":1,"minecraft:crouch_one_cm":5473,"minecraft:play_time":88082,"minecraft:sneak_time":2511,"minecraft:walk_under_water_one_cm":28,"minecraft:jump":648,"minecraft:walk_on_water_one_cm":2690,"minecraft:total_world_time":88082,"minecraft:fall_one_cm":12745}},"DataVersion":2975}