{"stats":{"minecraft:killed":{"minecraft:pig":3,"minecraft:spider":2,"minecraft:iron_golem":1,"minecraft:bat":1,"minecraft:creeper":1,"minecraft:skeleton":3,"minecraft:sheep":5,"minecraft:zombie":7,"minecraft:cow":1},"minecraft:dropped":{"minecraft:polished_diorite":40,"minecraft:stone_axe":1,"minecraft:cobbled_deepslate":4,"minecraft:rotten_flesh":4,"minecraft:leather":2,"minecraft:leather_helmet":1,"minecraft:deepslate_bricks":4,"minecraft:poppy":1,"minecraft:deepslate_tiles":36,"minecraft:diorite":11,"minecraft:leather_boots":1,"minecraft:wooden_shovel":1,"minecraft:spider_eye":1,"minecraft:stone_pickaxe":1,"minecraft:wooden_pickaxe":1,"minecraft:string":2,"minecraft:white_wool":1,"minecraft:polished_deepslate":28},"minecraft:mined":{"minecraft:diamond_ore":2,"minecraft:white_bed":6,"minecraft:deepslate_diamond_ore":14,"minecraft:crafting_table":3,"minecraft:torch":1,"minecraft:grass_block":3,"minecraft:cobblestone":2,"minecraft:tall_grass":2,"minecraft:deepslate_gold_ore":9,"minecraft:lapis_ore":2,"minecraft:diorite":59,"minecraft:hay_block":48,"minecraft:furnace":1,"minecraft:cobbled_deepslate":2,"minecraft:birch_log":4,"minecraft:iron_ore":33,"minecraft:andesite":5,"minecraft:deepslate_lapis_ore":2,"minecraft:grass":3,"minecraft:oak_log":50,"minecraft:coal_ore":14,"minecraft:deepslate_iron_ore":9,"minecraft:gravel":27,"minecraft:dirt":5,"minecraft:stone":144,"minecraft:gold_ore":8,"minecraft:deepslate":85,"minecraft:oak_leaves":7},"minecraft:used":{"minecraft:water_bucket":1,"minecraft:diorite":5,"minecraft:birch_planks":1,"minecraft:stone_pickaxe":109,"minecraft:shield":17,"minecraft:wooden_pickaxe":4,"minecraft:wooden_shovel":4,"minecraft:iron_chestplate":1,"minecraft:torch":6,"minecraft:dirt":8,"minecraft:crafting_table":4,"minecraft:white_bed":6,"minecraft:black_wool":1,"minecraft:iron_axe":38,"minecraft:bread":14,"minecraft:iron_pickaxe":285,"minecraft:gravel":26,"minecraft:stone_axe":83,"minecraft:cobblestone":24,"minecraft:beef":1,"minecraft:hay_block":3,"minecraft:furnace":1,"minecraft:bucket":3,"minecraft:andesite":3,"minecraft:cobbled_deepslate":2,"minecraft:iron_leggings":1},"minecraft:picked_up":{"minecraft:birch_log":4,"minecraft:crafting_table":3,"minecraft:andesite":3,"minecraft:leather":2,"minecraft:tuff":2,"minecraft:oak_log":49,"minecraft:gunpowder":2,"minecraft:lapis_lazuli":24,"minecraft:string":2,"minecraft:dirt":8,"minecraft:bone":9,"minecraft:apple":1,"minecraft:bow":1,"minecraft:cobbled_deepslate":88,"minecraft:raw_gold":17,"minecraft:iron_ingot":3,"minecraft:beef":1,"minecraft:poppy":1,"minecraft:furnace":1,"minecraft:stick":4,"minecraft:raw_iron":42,"minecraft:torch":1,"minecraft:gravel":26,"minecraft:porkchop":7,"minecraft:diorite":56,"minecraft:white_bed":6,"minecraft:carrot":1,"minecraft:spider_eye":1,"minecraft:arrow":4,"minecraft:rotten_flesh":7,"minecraft:diamond":15,"minecraft:hay_block":48,"minecraft:gold_ingot":1,"minecraft:black_wool":1,"minecraft:mutton":8,"minecraft:coal":18,"minecraft:cobblestone":137,"minecraft:white_wool":4},"minecraft:crafted":{"minecraft:oak_planks":196,"minecraft:wooden_shovel":1,"minecraft:cooked_porkchop":7,"minecraft:crafting_table":2,"minecraft:iron_helmet":1,"minecraft:wooden_pickaxe":1,"minecraft:furnace":1,"minecraft:bucket":2,"minecraft:birch_planks":16,"minecraft:deepslate_tiles":36,"minecraft:stone_axe":1,"minecraft:bread":135,"minecraft:cooked_mutton":3,"minecraft:air":0,"minecraft:iron_chestplate":1,"minecraft:polished_diorite":40,"minecraft:iron_boots":1,"minecraft:polished_deepslate":68,"minecraft:shield":1,"minecraft:iron_axe":1,"minecraft:stick":12,"minecraft:iron_ingot":42,"minecraft:iron_pickaxe":2,"minecraft:stone_pickaxe":1,"minecraft:gold_ingot":15,"minecraft:iron_leggings":1,"minecraft:white_bed":1,"minecraft:torch":8,"minecraft:deepslate_bricks":40,"minecraft:wheat":405},"minecraft:broken":{"minecraft:iron_pickaxe":1},"minecraft:custom":{"minecraft:interact_with_furnace":24,"minecraft:mob_kills":25,"minecraft:interact_with_crafting_table":22,"minecraft:leave_game":2,"minecraft:time_since_death":100082,"minecraft:sleep_in_bed":11,"minecraft:time_since_rest":4602,"minecraft:sprint_one_cm":112523,"minecraft:damage_taken":583,"minecraft:walk_one_cm":86864,"minecraft:damage_blocked_by_shield":590,"minecraft:drop":33,"minecraft:damage_dealt":4407,"minecraft:swim_one_cm":1623,"minecraft:fly_one_cm":161818,"minecraft:open_chest":1,"minecraft:crouch_one_cm":8096,"minecraft:play_time":100082,"minecraft:sneak_time":3571,"minecraft:walk_under_water_one_cm":60,"minecraft:jump":889,"minecraft:walk_on_water_one_cm":7541,"minecraft:total_world_time":100082,"minecraft:fall_one_cm":18653}},"DataVersion":2975}