{"stats":{"minecraft:mined":{"minecraft:grass_block":2,"minecraft:dirt":3,"minecraft:birch_log":4,"minecraft:stone":10},"minecraft:used":{"minecraft:dirt":5,"minecraft:crafting_table":1,"minecraft:stone_pickaxe":6,"minecraft:wooden_pickaxe":4,"minecraft:wooden_shovel":4},"minecraft:picked_up":{"minecraft:birch_log":4,"minecraft:stick":2,"minecraft:apple":1,"minecraft:dirt":5,"minecraft:cobblestone":10},"minecraft:crafted":{"minecraft:wooden_shovel":1,"minecraft:birch_planks":16,"minecraft:crafting_table":1,"minecraft:stick":4,"minecraft:stone_pickaxe":1,"minecraft:wooden_pickaxe":1},"minecraft:custom":{"minecraft:time_since_rest":10005,"minecraft:crouch_one_cm":43,"minecraft:play_time":10005,"minecraft:sprint_one_cm":6243,"minecraft:walk_one_cm":2663,"minecraft:sneak_time":18,"minecraft:jump":44,"minecraft:time_since_death":10005,"minecraft:total_world_time":10005,"minecraft:fall_one_cm":476,"minecraft:interact_with_crafting_table":4,"minecraft:fly_one_cm":5114}},"DataVersion":2975}