{"stats":{"minecraft:killed":{"minecraft:sheep":3,"minecraft:pig":3,"minecraft:spider":1,"minecraft:iron_golem":1},"minecraft:dropped":{"minecraft:wooden_shovel":1,"minecraft:wooden_pickaxe":1},"minecraft:mined":{"minecraft:hay_block":48,"minecraft:white_bed":1,"minecraft:birch_log":4,"minecraft:andesite":2,"minecraft:crafting_table":1,"minecraft:grass":2,"minecraft:grass_block":2,"minecraft:dirt":3,"minecraft:tall_grass":1,"minecraft:stone":22},"minecraft:used":{"minecraft:bread":2,"minecraft:stone_pickaxe":20,"minecraft:wooden_pickaxe":4,"minecraft:wooden_shovel":4,"minecraft:stone_axe":26,"minecraft:dirt":5,"minecraft:cobblestone":1,"minecraft:hay_block":3,"minecraft:crafting_table":2,"minecraft:white_bed":1},"minecraft:picked_up":{"minecraft:birch_log":4,"minecraft:stick":2,"minecraft:crafting_table":1,"minecraft:porkchop":7,"minecraft:white_bed":1,"minecraft:string":2,"minecraft:spider_eye":1,"minecraft:dirt":5,"minecraft:apple":1,"minecraft:hay_block":48,"minecraft:iron_ingot":3,"minecraft:poppy":1,"minecraft:mutton":4,"minecraft:white_wool":3,"minecraft:cobblestone":15},"minecraft:crafted":{"minecraft:wooden_shovel":1,"minecraft:crafting_table":1,"minecraft:stick":8,"minecraft:wooden_pickaxe":1,"minecraft:stone_pickaxe":1,"minecraft:white_bed":1,"minecraft:birch_planks":16,"minecraft:stone_axe":1,"minecraft:bread":128,"minecraft:cooked_mutton":3,"minecraft:air":0,"minecraft:wheat":405},"minecraft:custom":{"minecraft:time_since_rest":6013,"minecraft:interact_with_furnace":1,"minecraft:sprint_one_cm":28118,"minecraft:damage_taken":127,"minecraft:walk_one_cm":15804,"minecraft:mob_kills":8,"minecraft:drop":2,"minecraft:damage_dealt":1729,"minecraft:interact_with_crafting_table":7,"minecraft:fly_one_cm":51007,"minecraft:open_chest":1,"minecraft:crouch_one_cm":1671,"minecraft:play_time":22005,"minecraft:sneak_time":1062,"minecraft:jump":259,"minecraft:time_since_death":22005,"minecraft:sleep_in_bed":2,"minecraft:total_world_time":22005,"minecraft:fall_one_cm":7067}},"DataVersion":2975}