{"stats":{"minecraft:killed":{"minecraft:sheep":3,"minecraft:skeleton":1},"minecraft:mined":{"minecraft:white_bed":1,"minecraft:furnace":1,"minecraft:andesite":21,"minecraft:brewing_stand":1,"minecraft:crafting_table":1,"minecraft:grass":2,"minecraft:coal_ore":16,"minecraft:grass_block":1,"minecraft:oak_log":11,"minecraft:lapis_ore":1,"minecraft:stone":70,"minecraft:oak_leaves":3},"minecraft:used":{"minecraft:cooked_mutton":2,"minecraft:stone_pickaxe":108,"minecraft:wooden_pickaxe":4,"minecraft:stone_axe":7,"minecraft:crafting_table":1,"minecraft:oak_sapling":2,"minecraft:furnace":1,"minecraft:andesite":2,"minecraft:white_bed":1},"minecraft:picked_up":{"minecraft:crafting_table":1,"minecraft:andesite":23,"minecraft:oak_log":11,"minecraft:brewing_stand":1,"minecraft:white_bed":1,"minecraft:lapis_lazuli":7,"minecraft:dirt":1,"minecraft:arrow":1,"minecraft:bone":2,"minecraft:rotten_flesh":2,"minecraft:oak_sapling":2,"minecraft:coal":16,"minecraft:mutton":5,"minecraft:white_wool":3,"minecraft:cobblestone":75,"minecraft:furnace":1},"minecraft:crafted":{"minecraft:oak_planks":44,"minecraft:crafting_table":1,"minecraft:stick":8,"minecraft:wooden_pickaxe":1,"minecraft:stone_pickaxe":1,"minecraft:furnace":1,"minecraft:white_bed":1,"minecraft:torch":8,"minecraft:stone_axe":1,"minecraft:cooked_mutton":2,"minecraft:air":0},"minecraft:custom":{"minecraft:time_since_rest":6013,"minecraft:interact_with_furnace":5,"minecraft:sprint_one_cm":32381,"minecraft:damage_taken":120,"minecraft:walk_one_cm":30493,"minecraft:mob_kills":4,"minecraft:damage_dealt":399,"minecraft:interact_with_crafting_table":6,"minecraft:fly_one_cm":60742,"minecraft:bell_ring":1,"minecraft:play_time":31827,"minecraft:sneak_time":34,"minecraft:walk_under_water_one_cm":137,"minecraft:jump":269,"minecraft:walk_on_water_one_cm":371,"minecraft:leave_game":1,"minecraft:time_since_death":31827,"minecraft:sleep_in_bed":2,"minecraft:total_world_time":31827,"minecraft:fall_one_cm":8039}},"DataVersion":2975}