{"stats":{"minecraft:custom":{"minecraft:jump":209,"minecraft:time_since_rest":11902,"minecraft:damage_dealt":27,"minecraft:leave_game":4,"minecraft:sprint_one_cm":23432,"minecraft:play_time":11902,"minecraft:time_since_death":11902,"minecraft:walk_on_water_one_cm":903,"minecraft:walk_one_cm":9252,"minecraft:sneak_time":72,"minecraft:total_world_time":11902,"minecraft:climb_one_cm":409,"minecraft:walk_under_water_one_cm":2357,"minecraft:fall_one_cm":1312,"minecraft:fly_one_cm":127135}},"DataVersion":3465}