{"stats":{"minecraft:dropped":{"minecraft:bread":2,"minecraft:oak_slab":1,"minecraft:wheat_seeds":2,"minecraft:lilac":2,"biomesoplenty:lavender":8,"minecraft:iron_helmet":1,"minecraft:cobblestone":64,"minecraft:copper_ingot":2,"alexsmobs:bison_fur":4,"minecraft:diorite":41,"farmersdelight:cooked_mutton_chops":11,"minecraft:iron_pickaxe":1,"minecraft:stone_sword":1,"minecraft:shears":1,"minecraft:white_dye":6,"biomesoplenty:tall_lavender":2},"minecraft:used":{"minecraft:oak_fence":10,"minecraft:stone_sword":22,"minecraft:ladder":2,"minecraft:shield":13,"minecraft:iron_sword":87,"minecraft:wooden_shovel":1,"minecraft:torch":3,"minecraft:dirt":8,"minecraft:wooden_axe":4,"framedblocks:framed_threeway_corner_pillar":2,"minecraft:lava_bucket":4,"minecraft:lantern":8,"minecraft:grass_block":11,"minecraft:oak_stairs":30,"minecraft:spruce_hanging_sign":3,"minecraft:furnace":1,"farmersdelight:cooked_mutton_chops":6,"alexsdelight:cooked_bison":3,"minecraft:cooked_mutton":7,"minecraft:water_bucket":3,"minecraft:stone_pickaxe":129,"minecraft:baked_potato":1,"minecraft:oak_planks":31,"minecraft:wooden_pickaxe":7,"biomesoplenty:lavender":3,"minecraft:oak_slab":26,"minecraft:crafting_table":4,"minecraft:white_bed":1,"minecraft:oak_log":32,"minecraft:apple":1,"minecraft:bread":28,"minecraft:iron_pickaxe":118,"biomesoplenty:jacaranda_boat":1,"minecraft:wooden_sword":17,"minecraft:cobblestone":1,"minecraft:cooked_porkchop":2,"minecraft:bucket":7,"minecraft:chain":2,"minecraft:glass_pane":21,"alexsmobs:animal_dictionary":2},"minecraft:picked_up":{"minecraft:charcoal":2,"minecraft:allium":1,"minecraft:crafting_table":3,"minecraft:wheat":21,"minecraft:chicken":1,"minecraft:ladder":2,"minecraft:wooden_pickaxe":1,"biomesoplenty:tall_lavender":3,"minecraft:beetroot":14,"minecraft:cobbled_deepslate":18,"farmersdelight:straw":1,"minecraft:wooden_shovel":1,"minecraft:iron_pickaxe":1,"minecraft:furnace":3,"minecraft:raw_iron":1,"minecraft:stick":6,"minecraft:copper_ingot":2,"minecraft:torch":1,"minecraft:porkchop":1,"minecraft:diorite":56,"minecraft:carrot":73,"minecraft:stone_sword":1,"minecraft:arrow":3,"minecraft:rotten_flesh":4,"biomesoplenty:jacaranda_log":11,"minecraft:beetroot_seeds":29,"alexsdelight:raw_bison":3,"minecraft:spruce_hanging_sign":1,"minecraft:mutton":6,"minecraft:white_wool":6,"minecraft:cobblestone":114,"biomesoplenty:lavender":30,"minecraft:lilac":2,"minecraft:glow_ink_sac":7,"minecraft:leather":1,"minecraft:potato":52,"alexsmobs:bison_fur":4,"minecraft:tuff":18,"create:raw_zinc":6,"minecraft:oak_log":4,"framedblocks:framed_threeway_corner_pillar":1,"biomesoplenty:jacaranda_planks":1,"minecraft:lapis_lazuli":29,"minecraft:dirt":21,"minecraft:lantern":1,"minecraft:cooked_mutton":3,"minecraft:bone":5,"minecraft:apple":1,"minecraft:wheat_seeds":60,"minecraft:iron_ingot":2,"minecraft:gray_bed":2,"minecraft:oak_slab":1,"minecraft:cooked_porkchop":3,"sophisticatedbackpacks:iron_backpack":1,"minecraft:white_bed":1,"minecraft:spider_eye":1,"minecraft:granite":15,"alexsmobs:maggot":1,"minecraft:baked_potato":1,"minecraft:coal":21},"minecraft:mined":{"create:zinc_ore":2,"create:deepslate_zinc_ore":4,"minecraft:tuff":18,"minecraft:white_bed":1,"minecraft:ladder":1,"minecraft:granite":15,"biomesoplenty:bush":10,"minecraft:grass_block":8,"framedblocks:framed_threeway_corner_pillar":2,"minecraft:large_fern":2,"biomesoplenty:jacaranda_log":11,"biomesoplenty:tall_lavender":1,"minecraft:furnace":2,"minecraft:carrots":18,"biomesoplenty:lavender":3,"minecraft:potatoes":15,"biomesoplenty:high_grass":1,"minecraft:vine":20,"minecraft:stone":111,"valhelsia_structures:doused_wall_torch":1,"minecraft:podzol":9,"biomesoplenty:jacaranda_leaves":2,"minecraft:crafting_table":3,"minecraft:tall_grass":1,"minecraft:cobblestone":1,"minecraft:lapis_ore":4,"minecraft:diorite":56,"minecraft:wheat":21,"minecraft:lilac":1,"minecraft:gray_bed":2,"minecraft:grass":18,"minecraft:oak_log":3,"minecraft:coal_ore":23,"minecraft:beetroots":14,"minecraft:dirt":4,"minecraft:oak_leaves":95,"minecraft:deepslate":18,"minecraft:fern":1},"minecraft:crafted":{"minecraft:wooden_sword":1,"minecraft:oak_planks":6,"framedblocks:framed_slab_edge":6,"minecraft:bone_meal":6,"minecraft:cooked_mutton":6,"alexsdelight:cooked_bison":3,"framedblocks:framed_corner_pillar":4,"minecraft:stone_pickaxe":1,"biomesoplenty:jacaranda_planks":11,"biomesoplenty:jacaranda_boat":1,"minecraft:crafting_table":1,"minecraft:bucket":1,"minecraft:bread":8,"minecraft:air":105,"framedblocks:framed_cube":8,"minecraft:white_dye":6,"minecraft:shield":1,"minecraft:stick":3,"minecraft:iron_ingot":54,"minecraft:iron_pickaxe":1,"minecraft:wooden_axe":1,"minecraft:stone_sword":1,"framedblocks:framed_slab":6,"minecraft:white_bed":1,"minecraft:torch":4,"framedblocks:framed_threeway_corner_pillar":1,"minecraft:shears":1},"minecraft:custom":{"minecraft:interact_with_smithing_table":2,"minecraft:mob_kills":31,"minecraft:interact_with_crafting_table":26,"minecraft:open_barrel":7,"minecraft:eat_cake_slice":4,"minecraft:leave_game":3,"minecraft:time_since_death":178993,"minecraft:climb_one_cm":16096,"minecraft:sprint_one_cm":369079,"minecraft:walk_one_cm":477219,"minecraft:damage_blocked_by_shield":1210,"minecraft:drop":33,"minecraft:play_time":203881,"minecraft:deaths":1,"minecraft:sneak_time":1294,"minecraft:walk_under_water_one_cm":24022,"minecraft:boat_one_cm":24107,"minecraft:jump":3081,"minecraft:interact_with_blast_furnace":1,"minecraft:walk_on_water_one_cm":21285,"minecraft:total_world_time":203881,"minecraft:interact_with_furnace":26,"minecraft:sleep_in_bed":10,"minecraft:time_since_rest":11465,"minecraft:damage_taken":2364,"minecraft:damage_dealt":5202,"minecraft:swim_one_cm":35369,"minecraft:fly_one_cm":737862,"minecraft:open_chest":27,"minecraft:crouch_one_cm":2097,"minecraft:interact_with_smoker":8,"minecraft:fall_one_cm":88881},"minecraft:killed":{"minecraft:spider":1,"minecraft:skeleton":4,"minecraft:chicken":1,"minecraft:drowned":2,"minecraft:pig":1,"alexsmobs:grizzly_bear":1,"minecraft:sheep":5,"minecraft:trader_llama":2,"minecraft:zombie":8,"alexsmobs:fly":2},"minecraft:killed_by":{"minecraft:zombie":1}},"DataVersion":3465}