{"stats":{"minecraft:killed":{"minecraft:sheep":4,"minecraft:skeleton":1,"minecraft:pig":1,"minecraft:chicken":2},"minecraft:dropped":{"minecraft:white_bed":1},"minecraft:mined":{"minecraft:white_bed":2,"minecraft:furnace":2,"minecraft:andesite":21,"minecraft:brewing_stand":1,"minecraft:crafting_table":3,"minecraft:grass":3,"minecraft:coal_ore":16,"minecraft:grass_block":1,"minecraft:oak_log":11,"minecraft:lapis_ore":1,"minecraft:stone":70,"minecraft:sugar_cane":4,"minecraft:oak_leaves":3,"minecraft:fern":1},"minecraft:used":{"minecraft:cooked_mutton":2,"minecraft:stone_pickaxe":109,"minecraft:wooden_pickaxe":4,"minecraft:cooked_chicken":2,"minecraft:stone_axe":16,"minecraft:crafting_table":3,"minecraft:oak_sapling":2,"minecraft:furnace":2,"minecraft:cooked_porkchop":1,"minecraft:oak_boat":1,"minecraft:andesite":2,"minecraft:white_bed":2},"minecraft:picked_up":{"minecraft:stick":3,"minecraft:crafting_table":3,"minecraft:feather":1,"minecraft:chicken":2,"minecraft:andesite":23,"minecraft:porkchop":2,"minecraft:oak_log":11,"minecraft:brewing_stand":1,"minecraft:white_bed":3,"minecraft:lapis_lazuli":7,"minecraft:dirt":1,"minecraft:arrow":1,"minecraft:bone":2,"minecraft:rotten_flesh":2,"minecraft:oak_sapling":9,"minecraft:sugar_cane":5,"minecraft:coal":19,"minecraft:mutton":6,"minecraft:white_wool":4,"minecraft:cobblestone":75,"minecraft:furnace":2},"minecraft:crafted":{"minecraft:oak_boat":1,"minecraft:oak_planks":44,"minecraft:cooked_porkchop":2,"minecraft:crafting_table":1,"minecraft:stick":8,"minecraft:cooked_chicken":2,"minecraft:wooden_pickaxe":1,"minecraft:stone_pickaxe":1,"minecraft:furnace":1,"minecraft:white_bed":1,"minecraft:torch":8,"minecraft:stone_axe":1,"minecraft:cooked_mutton":2,"minecraft:air":0},"minecraft:custom":{"minecraft:time_since_rest":4226,"minecraft:interact_with_furnace":11,"minecraft:sprint_one_cm":59295,"minecraft:damage_taken":130,"minecraft:walk_one_cm":42442,"minecraft:mob_kills":8,"minecraft:drop":1,"minecraft:damage_dealt":659,"minecraft:swim_one_cm":3765,"minecraft:interact_with_crafting_table":8,"minecraft:fly_one_cm":105762,"minecraft:crouch_one_cm":13,"minecraft:bell_ring":1,"minecraft:play_time":43827,"minecraft:sneak_time":52,"minecraft:walk_under_water_one_cm":1364,"minecraft:boat_one_cm":74639,"minecraft:jump":428,"minecraft:walk_on_water_one_cm":2001,"minecraft:leave_game":1,"minecraft:time_since_death":43827,"minecraft:sleep_in_bed":4,"minecraft:total_world_time":43827,"minecraft:fall_one_cm":11632}},"DataVersion":2975}