{"stats":{"minecraft:mined":{"minecraft:large_fern":2,"biomesoplenty:jacaranda_leaves":2,"biomesoplenty:jacaranda_log":10,"biomesoplenty:tall_lavender":1,"biomesoplenty:lavender":2,"minecraft:grass":5,"minecraft:grass_block":2,"minecraft:fern":1,"minecraft:podzol":9},"minecraft:killed_by":{"minecraft:zombie":1},"minecraft:crafted":{"minecraft:oak_planks":6,"minecraft:stick":1,"minecraft:air":28},"minecraft:dropped":{"minecraft:oak_slab":1,"biomesoplenty:lavender":6},"minecraft:used":{"minecraft:oak_log":32,"minecraft:oak_fence":10,"minecraft:lantern":8,"minecraft:grass_block":11,"minecraft:oak_stairs":30,"minecraft:oak_planks":25,"biomesoplenty:lavender":3,"minecraft:wooden_shovel":1,"minecraft:spruce_hanging_sign":3,"minecraft:oak_slab":26,"minecraft:chain":2,"minecraft:glass_pane":21,"alexsmobs:animal_dictionary":1},"minecraft:custom":{"minecraft:time_since_rest":2085,"minecraft:sprint_one_cm":14239,"minecraft:damage_taken":260,"minecraft:walk_one_cm":41783,"minecraft:drop":2,"minecraft:damage_dealt":133,"minecraft:swim_one_cm":9043,"minecraft:interact_with_crafting_table":1,"minecraft:fly_one_cm":191425,"minecraft:crouch_one_cm":129,"minecraft:play_time":26947,"minecraft:deaths":1,"minecraft:sneak_time":541,"minecraft:walk_under_water_one_cm":3446,"minecraft:jump":187,"minecraft:leave_game":1,"minecraft:time_since_death":2059,"minecraft:walk_on_water_one_cm":3620,"minecraft:total_world_time":26947,"minecraft:fall_one_cm":1790},"minecraft:picked_up":{"biomesoplenty:lavender":28,"minecraft:oak_slab":1,"minecraft:wooden_pickaxe":1,"minecraft:dirt":11,"minecraft:lantern":1,"biomesoplenty:tall_lavender":2,"biomesoplenty:jacaranda_log":10,"minecraft:wheat_seeds":6,"minecraft:wooden_shovel":1,"minecraft:spruce_hanging_sign":1}},"DataVersion":3465}