{"stats":{"minecraft:custom":{"minecraft:jump":20,"minecraft:time_since_rest":1793,"minecraft:deaths":1,"minecraft:sprint_one_cm":4623,"minecraft:damage_taken":260,"minecraft:play_time":3725,"minecraft:time_since_death":1662,"minecraft:walk_one_cm":2122,"minecraft:sneak_time":26,"minecraft:climb_one_cm":12,"minecraft:total_world_time":3725,"minecraft:fall_one_cm":547,"minecraft:fly_one_cm":16801},"minecraft:used":{"alexsmobs:animal_dictionary":1},"minecraft:killed_by":{"minecraft:creeper":1}},"DataVersion":3465}