{"stats":{"minecraft:mined":{"minecraft:large_fern":2,"biomesoplenty:jacaranda_leaves":2,"biomesoplenty:jacaranda_log":11,"biomesoplenty:tall_lavender":1,"biomesoplenty:lavender":3,"minecraft:crafting_table":1,"minecraft:grass":10,"minecraft:grass_block":2,"minecraft:fern":1,"minecraft:podzol":9},"minecraft:killed":{"minecraft:zombie":1,"minecraft:sheep":3},"minecraft:killed_by":{"minecraft:zombie":1},"minecraft:crafted":{"minecraft:wooden_sword":1,"minecraft:oak_planks":6,"biomesoplenty:jacaranda_planks":11,"minecraft:crafting_table":1,"minecraft:stick":1,"minecraft:wooden_axe":1,"minecraft:white_bed":1,"minecraft:cooked_mutton":6,"minecraft:air":76},"minecraft:dropped":{"minecraft:oak_slab":1,"biomesoplenty:lavender":8,"biomesoplenty:tall_lavender":2},"minecraft:used":{"minecraft:oak_log":32,"minecraft:oak_fence":10,"minecraft:wooden_axe":2,"minecraft:lantern":8,"minecraft:grass_block":11,"minecraft:oak_stairs":30,"minecraft:oak_planks":25,"biomesoplenty:lavender":3,"minecraft:wooden_shovel":1,"minecraft:spruce_hanging_sign":3,"minecraft:wooden_sword":17,"minecraft:oak_slab":26,"minecraft:crafting_table":1,"minecraft:white_bed":1,"minecraft:chain":2,"minecraft:glass_pane":21,"alexsmobs:animal_dictionary":1,"minecraft:cooked_mutton":3},"minecraft:custom":{"minecraft:time_since_rest":381,"minecraft:sprint_one_cm":31538,"minecraft:damage_taken":320,"minecraft:walk_one_cm":76429,"minecraft:mob_kills":4,"minecraft:drop":6,"minecraft:damage_dealt":571,"minecraft:swim_one_cm":9043,"minecraft:interact_with_crafting_table":7,"minecraft:fly_one_cm":235637,"minecraft:crouch_one_cm":341,"minecraft:play_time":39430,"minecraft:deaths":1,"minecraft:sneak_time":600,"minecraft:walk_under_water_one_cm":3446,"minecraft:jump":382,"minecraft:leave_game":2,"minecraft:time_since_death":14542,"minecraft:walk_on_water_one_cm":3620,"minecraft:sleep_in_bed":1,"minecraft:total_world_time":39430,"minecraft:interact_with_furnace":6,"minecraft:fall_one_cm":6446},"minecraft:picked_up":{"biomesoplenty:lavender":30,"minecraft:oak_slab":1,"minecraft:crafting_table":1,"minecraft:wooden_pickaxe":1,"minecraft:dirt":11,"minecraft:lantern":1,"biomesoplenty:tall_lavender":3,"biomesoplenty:jacaranda_log":11,"minecraft:wheat_seeds":6,"minecraft:wooden_shovel":1,"minecraft:spruce_hanging_sign":1,"minecraft:mutton":6,"minecraft:white_wool":3}},"DataVersion":3465}