{"stats":{"minecraft:mined":{"minecraft:podzol":9,"biomesoplenty:jacaranda_leaves":2,"minecraft:white_bed":1,"minecraft:crafting_table":2,"minecraft:grass_block":2,"minecraft:large_fern":2,"biomesoplenty:jacaranda_log":11,"biomesoplenty:tall_lavender":1,"minecraft:furnace":2,"biomesoplenty:lavender":3,"minecraft:grass":10,"minecraft:coal_ore":11,"minecraft:stone":6,"minecraft:fern":1},"minecraft:killed":{"minecraft:sheep":3,"minecraft:trader_llama":2,"minecraft:zombie":1,"minecraft:chicken":1},"minecraft:killed_by":{"minecraft:zombie":1},"minecraft:crafted":{"minecraft:wooden_sword":1,"minecraft:oak_planks":6,"biomesoplenty:jacaranda_planks":11,"minecraft:crafting_table":1,"minecraft:cooked_mutton":6,"minecraft:air":84,"minecraft:shield":1,"minecraft:stick":2,"minecraft:iron_ingot":1,"minecraft:stone_pickaxe":1,"minecraft:wooden_axe":1,"minecraft:stone_sword":1,"minecraft:white_bed":1,"minecraft:shears":1},"minecraft:dropped":{"minecraft:oak_slab":1,"minecraft:stone_sword":1,"biomesoplenty:lavender":8,"minecraft:shears":1,"biomesoplenty:tall_lavender":2},"minecraft:used":{"minecraft:cooked_mutton":3,"minecraft:oak_fence":10,"minecraft:stone_sword":14,"minecraft:stone_pickaxe":13,"minecraft:oak_planks":25,"minecraft:wooden_pickaxe":6,"biomesoplenty:lavender":3,"minecraft:wooden_shovel":1,"minecraft:oak_slab":26,"minecraft:crafting_table":2,"minecraft:white_bed":1,"minecraft:oak_log":32,"minecraft:wooden_axe":3,"minecraft:lantern":8,"minecraft:grass_block":11,"minecraft:oak_stairs":30,"minecraft:spruce_hanging_sign":3,"minecraft:wooden_sword":17,"minecraft:furnace":1,"minecraft:chain":2,"minecraft:glass_pane":21,"alexsmobs:animal_dictionary":1},"minecraft:custom":{"minecraft:interact_with_furnace":9,"minecraft:mob_kills":7,"minecraft:interact_with_crafting_table":14,"minecraft:leave_game":2,"minecraft:time_since_death":25815,"minecraft:sleep_in_bed":1,"minecraft:time_since_rest":11654,"minecraft:sprint_one_cm":61810,"minecraft:damage_taken":400,"minecraft:walk_one_cm":97928,"minecraft:drop":8,"minecraft:damage_dealt":1169,"minecraft:swim_one_cm":9043,"minecraft:fly_one_cm":300902,"minecraft:crouch_one_cm":341,"minecraft:play_time":50703,"minecraft:deaths":1,"minecraft:sneak_time":614,"minecraft:walk_under_water_one_cm":3446,"minecraft:jump":651,"minecraft:walk_on_water_one_cm":5506,"minecraft:total_world_time":50703,"minecraft:fall_one_cm":17010},"minecraft:picked_up":{"biomesoplenty:lavender":30,"minecraft:charcoal":2,"minecraft:crafting_table":2,"minecraft:chicken":1,"minecraft:leather":1,"minecraft:wooden_pickaxe":1,"minecraft:dirt":11,"minecraft:lantern":1,"biomesoplenty:tall_lavender":3,"minecraft:wheat_seeds":6,"minecraft:iron_ingot":2,"minecraft:wooden_shovel":1,"minecraft:furnace":3,"minecraft:oak_slab":1,"minecraft:raw_iron":1,"minecraft:porkchop":1,"minecraft:white_bed":1,"minecraft:stone_sword":1,"biomesoplenty:jacaranda_log":11,"minecraft:spruce_hanging_sign":1,"minecraft:mutton":6,"minecraft:coal":9,"minecraft:white_wool":3,"minecraft:cobblestone":5}},"DataVersion":3465}