{"stats":{"minecraft:mined":{"minecraft:podzol":9,"biomesoplenty:jacaranda_leaves":2,"minecraft:white_bed":1,"minecraft:crafting_table":3,"minecraft:grass_block":6,"minecraft:large_fern":2,"biomesoplenty:jacaranda_log":11,"biomesoplenty:tall_lavender":1,"minecraft:furnace":2,"minecraft:carrots":18,"minecraft:wheat":21,"biomesoplenty:lavender":3,"minecraft:gray_bed":1,"minecraft:grass":11,"minecraft:potatoes":15,"biomesoplenty:high_grass":1,"minecraft:coal_ore":11,"minecraft:beetroots":14,"minecraft:dirt":2,"minecraft:stone":6,"minecraft:fern":1},"minecraft:killed":{"minecraft:sheep":3,"minecraft:trader_llama":2,"minecraft:zombie":1,"minecraft:chicken":1},"minecraft:killed_by":{"minecraft:zombie":1},"minecraft:crafted":{"minecraft:wooden_sword":1,"minecraft:oak_planks":6,"biomesoplenty:jacaranda_planks":11,"biomesoplenty:jacaranda_boat":1,"minecraft:crafting_table":1,"minecraft:cooked_mutton":6,"minecraft:air":85,"minecraft:shield":1,"minecraft:stick":2,"minecraft:iron_ingot":1,"minecraft:stone_pickaxe":1,"minecraft:wooden_axe":1,"minecraft:stone_sword":1,"minecraft:white_bed":1,"minecraft:shears":1},"minecraft:dropped":{"minecraft:oak_slab":1,"minecraft:stone_sword":1,"biomesoplenty:lavender":8,"minecraft:shears":1,"alexsmobs:bison_fur":4,"biomesoplenty:tall_lavender":2,"minecraft:bread":2},"minecraft:used":{"minecraft:cooked_mutton":3,"minecraft:oak_fence":10,"minecraft:stone_sword":22,"minecraft:stone_pickaxe":13,"minecraft:oak_planks":31,"minecraft:wooden_pickaxe":6,"biomesoplenty:lavender":3,"minecraft:wooden_shovel":1,"minecraft:dirt":6,"minecraft:oak_slab":26,"minecraft:crafting_table":3,"minecraft:white_bed":1,"minecraft:oak_log":32,"minecraft:wooden_axe":4,"minecraft:lantern":8,"minecraft:grass_block":11,"minecraft:oak_stairs":30,"minecraft:bread":8,"biomesoplenty:jacaranda_boat":1,"minecraft:spruce_hanging_sign":3,"minecraft:wooden_sword":17,"minecraft:furnace":1,"minecraft:chain":2,"minecraft:glass_pane":21,"alexsmobs:animal_dictionary":1},"minecraft:custom":{"minecraft:interact_with_furnace":9,"minecraft:mob_kills":7,"minecraft:interact_with_crafting_table":15,"minecraft:leave_game":2,"minecraft:time_since_death":37815,"minecraft:sleep_in_bed":2,"minecraft:climb_one_cm":641,"minecraft:time_since_rest":3264,"minecraft:sprint_one_cm":80481,"minecraft:damage_taken":680,"minecraft:walk_one_cm":139697,"minecraft:drop":12,"minecraft:damage_dealt":1464,"minecraft:swim_one_cm":9043,"minecraft:fly_one_cm":329629,"minecraft:open_chest":11,"minecraft:crouch_one_cm":348,"minecraft:play_time":62703,"minecraft:deaths":1,"minecraft:sneak_time":629,"minecraft:walk_under_water_one_cm":3446,"minecraft:jump":867,"minecraft:walk_on_water_one_cm":5836,"minecraft:total_world_time":62703,"minecraft:fall_one_cm":24766},"minecraft:picked_up":{"minecraft:wheat":21,"biomesoplenty:lavender":30,"minecraft:charcoal":2,"minecraft:crafting_table":3,"minecraft:chicken":1,"minecraft:leather":1,"minecraft:wooden_pickaxe":1,"minecraft:potato":52,"alexsmobs:bison_fur":4,"minecraft:dirt":16,"minecraft:lantern":1,"biomesoplenty:tall_lavender":3,"minecraft:beetroot":14,"minecraft:wheat_seeds":58,"minecraft:iron_ingot":2,"minecraft:wooden_shovel":1,"minecraft:gray_bed":1,"minecraft:furnace":3,"minecraft:oak_slab":1,"minecraft:raw_iron":1,"minecraft:porkchop":1,"minecraft:carrot":73,"minecraft:white_bed":1,"minecraft:stone_sword":1,"biomesoplenty:jacaranda_log":11,"minecraft:beetroot_seeds":29,"alexsdelight:raw_bison":3,"minecraft:spruce_hanging_sign":1,"minecraft:mutton":6,"minecraft:coal":9,"minecraft:white_wool":3,"minecraft:cobblestone":5}},"DataVersion":3465}