{"stats":{"minecraft:dropped":{"minecraft:oak_slab":1,"minecraft:wheat_seeds":2,"minecraft:stone_sword":1,"biomesoplenty:lavender":8,"minecraft:iron_helmet":1,"minecraft:shears":1,"alexsmobs:bison_fur":4,"biomesoplenty:tall_lavender":2,"minecraft:bread":2},"minecraft:used":{"minecraft:cooked_mutton":6,"minecraft:water_bucket":3,"minecraft:stone_sword":22,"minecraft:baked_potato":1,"minecraft:stone_pickaxe":64,"minecraft:ladder":1,"minecraft:oak_planks":31,"minecraft:shield":10,"minecraft:wooden_pickaxe":7,"minecraft:iron_sword":43,"biomesoplenty:lavender":3,"minecraft:wooden_shovel":1,"minecraft:dirt":8,"minecraft:oak_slab":26,"minecraft:crafting_table":4,"minecraft:white_bed":1,"framedblocks:framed_threeway_corner_pillar":2,"minecraft:oak_log":32,"minecraft:apple":1,"minecraft:wooden_axe":4,"minecraft:lava_bucket":4,"minecraft:bread":24,"minecraft:grass_block":11,"minecraft:lantern":8,"minecraft:oak_stairs":30,"biomesoplenty:jacaranda_boat":1,"minecraft:wooden_sword":17,"minecraft:spruce_hanging_sign":3,"minecraft:cobblestone":1,"minecraft:furnace":1,"minecraft:bucket":7,"minecraft:chain":2,"minecraft:glass_pane":21,"alexsmobs:animal_dictionary":1,"minecraft:oak_fence":10},"minecraft:picked_up":{"biomesoplenty:lavender":30,"minecraft:wheat":21,"minecraft:charcoal":2,"minecraft:crafting_table":3,"minecraft:chicken":1,"minecraft:ladder":1,"minecraft:glow_ink_sac":7,"minecraft:leather":1,"minecraft:wooden_pickaxe":1,"minecraft:potato":52,"alexsmobs:bison_fur":4,"minecraft:oak_log":4,"framedblocks:framed_threeway_corner_pillar":1,"biomesoplenty:jacaranda_planks":1,"minecraft:dirt":18,"minecraft:lantern":1,"biomesoplenty:tall_lavender":3,"minecraft:bone":3,"minecraft:beetroot":14,"minecraft:apple":1,"minecraft:wheat_seeds":60,"minecraft:iron_ingot":2,"minecraft:wooden_shovel":1,"minecraft:gray_bed":1,"minecraft:furnace":3,"minecraft:stick":6,"minecraft:oak_slab":1,"minecraft:raw_iron":1,"minecraft:porkchop":1,"minecraft:diorite":41,"minecraft:carrot":73,"minecraft:white_bed":1,"minecraft:spider_eye":1,"minecraft:rotten_flesh":2,"minecraft:stone_sword":1,"minecraft:arrow":2,"biomesoplenty:jacaranda_log":11,"minecraft:beetroot_seeds":29,"alexsdelight:raw_bison":3,"minecraft:baked_potato":1,"minecraft:spruce_hanging_sign":1,"minecraft:mutton":6,"minecraft:coal":17,"minecraft:white_wool":3,"minecraft:cobblestone":10},"minecraft:mined":{"minecraft:podzol":9,"biomesoplenty:jacaranda_leaves":2,"minecraft:white_bed":1,"minecraft:crafting_table":3,"biomesoplenty:bush":8,"minecraft:grass_block":6,"framedblocks:framed_threeway_corner_pillar":2,"minecraft:tall_grass":1,"minecraft:cobblestone":1,"minecraft:diorite":42,"minecraft:large_fern":2,"biomesoplenty:jacaranda_log":11,"biomesoplenty:tall_lavender":1,"minecraft:furnace":2,"minecraft:carrots":18,"minecraft:wheat":21,"biomesoplenty:lavender":3,"minecraft:gray_bed":1,"minecraft:grass":14,"minecraft:coal_ore":19,"minecraft:potatoes":15,"minecraft:oak_log":3,"biomesoplenty:high_grass":1,"minecraft:beetroots":14,"minecraft:vine":20,"minecraft:dirt":3,"minecraft:stone":7,"minecraft:oak_leaves":95,"valhelsia_structures:doused_wall_torch":1,"minecraft:fern":1},"minecraft:crafted":{"minecraft:wooden_sword":1,"minecraft:oak_planks":6,"biomesoplenty:jacaranda_planks":11,"biomesoplenty:jacaranda_boat":1,"minecraft:crafting_table":1,"framedblocks:framed_slab_edge":6,"minecraft:bucket":1,"minecraft:bread":8,"minecraft:cooked_mutton":6,"minecraft:air":94,"framedblocks:framed_cube":8,"minecraft:shield":1,"minecraft:stick":2,"framedblocks:framed_corner_pillar":4,"minecraft:iron_ingot":1,"minecraft:stone_pickaxe":1,"minecraft:wooden_axe":1,"framedblocks:framed_slab":6,"minecraft:stone_sword":1,"minecraft:white_bed":1,"framedblocks:framed_threeway_corner_pillar":1,"minecraft:shears":1},"minecraft:custom":{"minecraft:interact_with_smithing_table":2,"minecraft:interact_with_furnace":10,"minecraft:mob_kills":19,"minecraft:interact_with_crafting_table":21,"minecraft:open_barrel":6,"minecraft:eat_cake_slice":4,"minecraft:leave_game":3,"minecraft:time_since_death":100993,"minecraft:sleep_in_bed":8,"minecraft:climb_one_cm":12399,"minecraft:time_since_rest":7239,"minecraft:sprint_one_cm":197033,"minecraft:damage_taken":1605,"minecraft:walk_one_cm":344776,"minecraft:damage_blocked_by_shield":830,"minecraft:drop":15,"minecraft:damage_dealt":3244,"minecraft:swim_one_cm":9043,"minecraft:fly_one_cm":477584,"minecraft:open_chest":20,"minecraft:sneak_time":1111,"minecraft:crouch_one_cm":1967,"minecraft:play_time":125881,"minecraft:deaths":1,"minecraft:walk_under_water_one_cm":16362,"minecraft:boat_one_cm":24107,"minecraft:jump":1867,"minecraft:walk_on_water_one_cm":13405,"minecraft:total_world_time":125881,"minecraft:interact_with_smoker":7,"minecraft:fall_one_cm":55087},"minecraft:killed":{"minecraft:spider":1,"minecraft:sheep":3,"minecraft:skeleton":3,"minecraft:trader_llama":2,"minecraft:zombie":6,"minecraft:chicken":1,"alexsmobs:fly":1},"minecraft:killed_by":{"minecraft:zombie":1}},"DataVersion":3465}