{"stats":{"minecraft:dropped":{"minecraft:oak_slab":1,"biomesoplenty:lavender":6},"minecraft:picked_up":{"biomesoplenty:lavender":25,"minecraft:oak_slab":1,"biomesoplenty:tall_lavender":1,"minecraft:wheat_seeds":4,"minecraft:spruce_hanging_sign":1,"minecraft:lantern":1},"minecraft:custom":{"minecraft:time_since_rest":17517,"minecraft:crouch_one_cm":129,"minecraft:play_time":17517,"minecraft:sprint_one_cm":3580,"minecraft:walk_one_cm":30984,"minecraft:sneak_time":527,"minecraft:drop":2,"minecraft:jump":76,"minecraft:leave_game":1,"minecraft:time_since_death":17517,"minecraft:total_world_time":17517,"minecraft:fly_one_cm":164792},"minecraft:used":{"minecraft:oak_log":32,"minecraft:oak_fence":10,"minecraft:spruce_hanging_sign":3,"minecraft:oak_slab":26,"minecraft:lantern":8,"minecraft:grass_block":11,"minecraft:oak_stairs":30,"minecraft:oak_planks":25,"minecraft:chain":2,"minecraft:glass_pane":21,"alexsmobs:animal_dictionary":1}},"DataVersion":3465}