{"stats":{"minecraft:killed":{"minecraft:pig":1,"minecraft:sheep":8,"minecraft:skeleton":1,"minecraft:chicken":2},"minecraft:dropped":{"minecraft:lapis_lazuli":1,"minecraft:white_bed":1,"minecraft:bucket":1},"minecraft:mined":{"minecraft:oak_slab":11,"minecraft:white_bed":2,"minecraft:brewing_stand":1,"minecraft:crafting_table":3,"minecraft:granite":2,"minecraft:grass_block":113,"minecraft:tall_grass":8,"minecraft:lapis_ore":1,"minecraft:sugar_cane":4,"minecraft:diorite":11,"minecraft:furnace":2,"minecraft:andesite":21,"minecraft:grass":112,"minecraft:oak_log":14,"minecraft:coal_ore":16,"minecraft:oak_fence_gate":1,"minecraft:gravel":19,"minecraft:dirt":9,"minecraft:stone":166,"minecraft:oak_leaves":3,"minecraft:fern":1},"minecraft:used":{"minecraft:cooked_mutton":2,"minecraft:water_bucket":18,"minecraft:stone_pickaxe":109,"minecraft:stone_shovel":132,"minecraft:chest":4,"minecraft:wooden_pickaxe":4,"minecraft:cooked_chicken":2,"minecraft:white_wool":1,"minecraft:torch":2,"minecraft:dirt":188,"minecraft:oak_slab":79,"minecraft:crafting_table":4,"minecraft:white_bed":5,"minecraft:oak_fence_gate":6,"minecraft:oak_log":4,"minecraft:villager_spawn_egg":3,"minecraft:iron_pickaxe":109,"minecraft:stone_axe":39,"minecraft:cobblestone":3,"minecraft:furnace":3,"minecraft:oak_sapling":2,"minecraft:cooked_porkchop":2,"minecraft:bucket":19,"minecraft:andesite":2,"minecraft:yellow_bed":1,"minecraft:oak_boat":2},"minecraft:picked_up":{"minecraft:crafting_table":3,"minecraft:feather":1,"minecraft:chicken":2,"minecraft:water_bucket":1,"minecraft:andesite":23,"minecraft:wooden_pickaxe":1,"minecraft:oak_log":14,"minecraft:brewing_stand":1,"minecraft:lapis_lazuli":8,"minecraft:dirt":122,"minecraft:bone":2,"minecraft:wheat_seeds":20,"minecraft:bucket":1,"minecraft:iron_ingot":2,"minecraft:oak_fence_gate":1,"minecraft:stone_pickaxe":1,"minecraft:iron_pickaxe":1,"minecraft:sugar_cane":5,"minecraft:chest":2,"minecraft:furnace":2,"minecraft:oak_slab":14,"minecraft:stick":5,"minecraft:torch":7,"minecraft:gravel":38,"minecraft:porkchop":2,"minecraft:diorite":16,"minecraft:white_bed":3,"minecraft:stone_shovel":1,"minecraft:arrow":1,"minecraft:rotten_flesh":2,"minecraft:stone_axe":1,"minecraft:granite":2,"minecraft:oak_sapling":9,"minecraft:mutton":10,"minecraft:hopper":2,"minecraft:coal":19,"minecraft:white_wool":7,"minecraft:cobblestone":237},"minecraft:crafted":{"minecraft:oak_slab":42,"minecraft:oak_planks":112,"minecraft:stone_shovel":1,"minecraft:cooked_porkchop":2,"minecraft:crafting_table":1,"minecraft:wooden_pickaxe":1,"minecraft:cooked_chicken":2,"minecraft:furnace":1,"minecraft:bucket":1,"minecraft:stone_axe":1,"minecraft:cooked_mutton":2,"minecraft:air":0,"minecraft:oak_boat":1,"minecraft:hopper":2,"minecraft:stick":12,"minecraft:iron_ingot":11,"minecraft:iron_pickaxe":1,"minecraft:stone_pickaxe":1,"minecraft:chest":8,"minecraft:white_bed":1,"minecraft:torch":8},"minecraft:custom":{"minecraft:interact_with_furnace":17,"minecraft:mob_kills":12,"minecraft:interact_with_crafting_table":26,"minecraft:bell_ring":1,"minecraft:leave_game":1,"minecraft:time_since_death":4995,"minecraft:sleep_in_bed":9,"minecraft:time_since_rest":0,"minecraft:sprint_one_cm":91400,"minecraft:damage_taken":480,"minecraft:walk_one_cm":126802,"minecraft:drop":3,"minecraft:damage_dealt":979,"minecraft:talked_to_villager":1,"minecraft:swim_one_cm":5057,"minecraft:fly_one_cm":170813,"minecraft:open_chest":13,"minecraft:crouch_one_cm":802,"minecraft:play_time":103827,"minecraft:deaths":1,"minecraft:sneak_time":1158,"minecraft:walk_under_water_one_cm":31863,"minecraft:boat_one_cm":96708,"minecraft:jump":761,"minecraft:walk_on_water_one_cm":9823,"minecraft:total_world_time":103827,"minecraft:fall_one_cm":19516}},"DataVersion":2975}