{"stats":{"minecraft:killed":{"minecraft:pig":1,"minecraft:sheep":8,"minecraft:skeleton":1,"minecraft:chicken":2},"minecraft:dropped":{"minecraft:lapis_lazuli":1,"minecraft:white_bed":1},"minecraft:mined":{"minecraft:oak_slab":11,"minecraft:white_bed":2,"minecraft:brewing_stand":1,"minecraft:crafting_table":3,"minecraft:grass_block":108,"minecraft:tall_grass":8,"minecraft:lapis_ore":1,"minecraft:sugar_cane":4,"minecraft:furnace":2,"minecraft:andesite":21,"minecraft:grass":111,"minecraft:oak_log":14,"minecraft:coal_ore":16,"minecraft:oak_fence_gate":1,"minecraft:dirt":5,"minecraft:stone":70,"minecraft:oak_leaves":3,"minecraft:fern":1},"minecraft:used":{"minecraft:cooked_mutton":2,"minecraft:water_bucket":4,"minecraft:stone_pickaxe":109,"minecraft:stone_shovel":113,"minecraft:wooden_pickaxe":4,"minecraft:cooked_chicken":2,"minecraft:white_wool":1,"minecraft:torch":2,"minecraft:dirt":137,"minecraft:oak_slab":79,"minecraft:crafting_table":4,"minecraft:white_bed":5,"minecraft:oak_fence_gate":5,"minecraft:oak_log":4,"minecraft:villager_spawn_egg":3,"minecraft:stone_axe":39,"minecraft:furnace":2,"minecraft:oak_sapling":2,"minecraft:cooked_porkchop":1,"minecraft:bucket":4,"minecraft:andesite":2,"minecraft:yellow_bed":1,"minecraft:oak_boat":2},"minecraft:picked_up":{"minecraft:crafting_table":3,"minecraft:feather":1,"minecraft:chicken":2,"minecraft:andesite":23,"minecraft:oak_log":14,"minecraft:brewing_stand":1,"minecraft:lapis_lazuli":8,"minecraft:dirt":113,"minecraft:bone":2,"minecraft:wheat_seeds":20,"minecraft:oak_fence_gate":1,"minecraft:sugar_cane":5,"minecraft:furnace":2,"minecraft:oak_slab":14,"minecraft:stick":3,"minecraft:porkchop":2,"minecraft:white_bed":3,"minecraft:arrow":1,"minecraft:rotten_flesh":2,"minecraft:oak_sapling":9,"minecraft:mutton":10,"minecraft:coal":19,"minecraft:white_wool":7,"minecraft:cobblestone":75},"minecraft:crafted":{"minecraft:oak_slab":42,"minecraft:oak_planks":44,"minecraft:stone_shovel":1,"minecraft:cooked_porkchop":2,"minecraft:crafting_table":1,"minecraft:wooden_pickaxe":1,"minecraft:cooked_chicken":2,"minecraft:furnace":1,"minecraft:bucket":1,"minecraft:stone_axe":1,"minecraft:cooked_mutton":2,"minecraft:air":0,"minecraft:oak_boat":1,"minecraft:stick":8,"minecraft:stone_pickaxe":1,"minecraft:white_bed":1,"minecraft:torch":8},"minecraft:custom":{"minecraft:interact_with_furnace":11,"minecraft:mob_kills":12,"minecraft:interact_with_crafting_table":14,"minecraft:bell_ring":1,"minecraft:leave_game":1,"minecraft:time_since_death":79827,"minecraft:sleep_in_bed":7,"minecraft:time_since_rest":14150,"minecraft:sprint_one_cm":86679,"minecraft:damage_taken":130,"minecraft:walk_one_cm":106995,"minecraft:drop":2,"minecraft:damage_dealt":979,"minecraft:swim_one_cm":3765,"minecraft:fly_one_cm":160955,"minecraft:crouch_one_cm":475,"minecraft:play_time":79827,"minecraft:sneak_time":315,"minecraft:walk_under_water_one_cm":1639,"minecraft:boat_one_cm":96708,"minecraft:jump":653,"minecraft:walk_on_water_one_cm":4403,"minecraft:total_world_time":79827,"minecraft:fall_one_cm":16062}},"DataVersion":2975}