{"stats":{"minecraft:broken":{"minecraft:stone_axe":1},"minecraft:used":{"minecraft:cooked_mutton":3,"minecraft:water_bucket":19,"minecraft:stone_sword":42,"minecraft:stone_pickaxe":4,"biomesoplenty:redwood_planks":34,"minecraft:shield":11,"minecraft:wooden_pickaxe":23,"biomesoplenty:lavender":1,"minecraft:netherrack":15,"minecraft:golden_apple":1,"minecraft:dirt":4,"minecraft:crafting_table":3,"minecraft:red_bed":2,"minecraft:obsidian":3,"minecraft:lava_bucket":2,"minecraft:bread":28,"minecraft:iron_pickaxe":57,"minecraft:iron_helmet":1,"biomesoplenty:redwood_boat":2,"biomesoplenty:jacaranda_log":1,"domesticationinnovation:drum":1,"minecraft:stone_axe":92,"biomesoplenty:jacaranda_sapling":1,"minecraft:furnace":1,"minecraft:bucket":22},"minecraft:dropped":{"minecraft:enchanted_book":1,"minecraft:bricks":1,"minecraft:stripped_spruce_log":1,"minecraft:wheat_seeds":4,"minecraft:lilac":2,"biomesoplenty:redwood_planks":1,"minecraft:cracked_stone_bricks":1,"domesticationinnovation:deed_of_ownership":1,"minecraft:brick_stairs":2,"minecraft:peony":1,"minecraft:spruce_planks":1,"minecraft:oak_sapling":1,"minecraft:stone_bricks":4,"minecraft:iron_bars":1,"domesticationinnovation:collar_tag":2,"minecraft:netherrack":1},"minecraft:picked_up":{"biomesoplenty:lavender":1,"minecraft:magma_block":3,"minecraft:lilac":2,"minecraft:crafting_table":3,"minecraft:feather":1,"minecraft:chicken":2,"biomesoplenty:jacaranda_sapling":1,"minecraft:string":3,"minecraft:dirt":4,"minecraft:red_bed":2,"minecraft:cooked_mutton":1,"minecraft:stone_bricks":4,"minecraft:cracked_stone_bricks":1,"minecraft:wheat_seeds":4,"minecraft:spruce_planks":1,"minecraft:iron_ingot":12,"minecraft:poppy":2,"biomesoplenty:redwood_wood":15,"minecraft:furnace":1,"minecraft:book":51,"biomesoplenty:redwood_boat":2,"minecraft:porkchop":8,"minecraft:stripped_spruce_log":1,"minecraft:spider_eye":1,"biomesoplenty:redwood_planks":8,"biomesoplenty:jacaranda_log":2,"minecraft:peony":1,"minecraft:hay_block":3,"domesticationinnovation:drum":1,"minecraft:netherrack":20,"minecraft:brick_stairs":2,"minecraft:oak_sapling":1,"minecraft:coal":1,"minecraft:mutton":3,"minecraft:bricks":1,"minecraft:iron_bars":2,"minecraft:white_wool":2,"minecraft:cobblestone":16},"minecraft:mined":{"biomesoplenty:jacaranda_leaves":15,"minecraft:spruce_planks":1,"biomesoplenty:redwood_planks":2,"minecraft:light_gray_stained_glass_pane":4,"minecraft:red_bed":2,"domesticationinnovation:drum":1,"alexsmobs:leafcutter_anthill":1,"minecraft:crafting_table":3,"biomesoplenty:bush":1,"minecraft:grass_block":2,"minecraft:brick_stairs":2,"minecraft:tall_grass":2,"minecraft:cobblestone":2,"minecraft:bricks":1,"minecraft:hay_block":3,"minecraft:magma_block":3,"minecraft:tall_seagrass":1,"biomesoplenty:jacaranda_log":2,"valhelsia_structures:bone_pile":1,"minecraft:furnace":1,"minecraft:stripped_spruce_log":1,"minecraft:grass":11,"minecraft:bookshelf":17,"minecraft:coal_ore":1,"minecraft:iron_bars":2,"minecraft:gravel":1,"minecraft:dirt":3,"minecraft:cracked_stone_bricks":1,"minecraft:stone_bricks":3,"minecraft:stone":16,"minecraft:netherrack":42,"biomesoplenty:redwood_wood":19,"minecraft:oak_leaves":1,"minecraft:fern":2},"minecraft:crafted":{"biomesoplenty:jacaranda_planks":4,"minecraft:crafting_table":1,"biomesoplenty:redwood_planks":15,"minecraft:wooden_pickaxe":1,"minecraft:iron_helmet":1,"minecraft:furnace":1,"minecraft:bucket":1,"minecraft:stone_axe":1,"minecraft:cooked_mutton":2,"minecraft:air":82,"biomesoplenty:redwood_boat":1,"minecraft:shield":1,"minecraft:stick":6,"minecraft:iron_pickaxe":1,"minecraft:stone_pickaxe":1,"minecraft:stone_sword":1,"minecraft:torch":1},"minecraft:custom":{"minecraft:interact_with_furnace":7,"minecraft:mob_kills":22,"minecraft:interact_with_crafting_table":7,"minecraft:open_barrel":5,"minecraft:time_since_death":71345,"minecraft:sleep_in_bed":2,"minecraft:climb_one_cm":1888,"minecraft:time_since_rest":46242,"minecraft:damage_absorbed":40,"minecraft:sprint_one_cm":235276,"minecraft:damage_taken":924,"minecraft:walk_one_cm":82343,"minecraft:damage_blocked_by_shield":400,"minecraft:drop":25,"minecraft:damage_dealt":5659,"minecraft:swim_one_cm":64977,"minecraft:talked_to_villager":7,"minecraft:fly_one_cm":364931,"minecraft:open_chest":34,"minecraft:play_time":71345,"minecraft:crouch_one_cm":5698,"minecraft:sneak_time":2344,"minecraft:walk_under_water_one_cm":5068,"minecraft:boat_one_cm":120436,"minecraft:jump":1678,"minecraft:walk_on_water_one_cm":12432,"minecraft:total_world_time":71345,"minecraft:fall_one_cm":43828},"minecraft:killed":{"minecraft:pig":4,"minecraft:spider":3,"minecraft:iron_golem":3,"minecraft:sheep":2,"minecraft:zombie":6,"alexsmobs:terrapin":1,"minecraft:chicken":2,"minecraft:drowned":1}},"DataVersion":3465}