{"stats":{"minecraft:dropped":{"minecraft:wheat_seeds":1},"minecraft:used":{"minecraft:cooked_mutton":3,"minecraft:stone_sword":2,"minecraft:stone_pickaxe":1,"minecraft:wooden_pickaxe":23,"biomesoplenty:lavender":1,"biomesoplenty:jacaranda_log":1,"minecraft:stone_axe":29,"biomesoplenty:jacaranda_sapling":1,"minecraft:dirt":4,"minecraft:furnace":1},"minecraft:picked_up":{"biomesoplenty:lavender":1,"minecraft:feather":1,"minecraft:chicken":2,"biomesoplenty:jacaranda_sapling":1,"minecraft:red_bed":1,"minecraft:dirt":4,"minecraft:cooked_mutton":1,"biomesoplenty:redwood_planks":5,"biomesoplenty:jacaranda_log":2,"minecraft:wheat_seeds":1,"minecraft:hay_block":3,"biomesoplenty:redwood_wood":15,"minecraft:mutton":3,"minecraft:white_wool":2,"minecraft:cobblestone":16,"minecraft:furnace":1},"minecraft:mined":{"minecraft:hay_block":3,"biomesoplenty:jacaranda_leaves":15,"minecraft:tall_seagrass":1,"biomesoplenty:jacaranda_log":2,"minecraft:furnace":1,"minecraft:red_bed":1,"minecraft:grass":4,"minecraft:grass_block":1,"minecraft:dirt":3,"minecraft:tall_grass":2,"minecraft:stone":16,"biomesoplenty:redwood_wood":19},"minecraft:crafted":{"biomesoplenty:jacaranda_planks":4,"minecraft:crafting_table":1,"minecraft:stick":2,"biomesoplenty:redwood_planks":15,"minecraft:wooden_pickaxe":1,"minecraft:stone_pickaxe":1,"minecraft:stone_sword":1,"minecraft:furnace":1,"minecraft:stone_axe":1,"minecraft:cooked_mutton":2,"minecraft:air":74},"minecraft:custom":{"minecraft:time_since_rest":17345,"minecraft:interact_with_furnace":7,"minecraft:sprint_one_cm":40661,"minecraft:damage_taken":85,"minecraft:walk_one_cm":17223,"minecraft:mob_kills":6,"minecraft:drop":1,"minecraft:damage_dealt":543,"minecraft:swim_one_cm":3541,"minecraft:interact_with_crafting_table":3,"minecraft:fly_one_cm":39784,"minecraft:open_chest":3,"minecraft:crouch_one_cm":626,"minecraft:play_time":17345,"minecraft:sneak_time":422,"minecraft:walk_under_water_one_cm":234,"minecraft:jump":237,"minecraft:time_since_death":17345,"minecraft:walk_on_water_one_cm":835,"minecraft:total_world_time":17345,"minecraft:fall_one_cm":3946},"minecraft:killed":{"minecraft:sheep":2,"alexsmobs:terrapin":1,"minecraft:chicken":2,"minecraft:drowned":1}},"DataVersion":3465}