{"stats":{"minecraft:broken":{"minecraft:stone_axe":1},"minecraft:used":{"minecraft:cooked_mutton":3,"minecraft:water_bucket":20,"minecraft:stone_sword":51,"minecraft:stone_pickaxe":10,"biomesoplenty:redwood_planks":34,"minecraft:shield":18,"minecraft:wooden_pickaxe":23,"biomesoplenty:lavender":1,"minecraft:netherrack":25,"minecraft:golden_apple":1,"minecraft:dirt":5,"minecraft:crafting_table":4,"minecraft:red_bed":2,"minecraft:obsidian":3,"minecraft:lava_bucket":2,"minecraft:bread":30,"minecraft:iron_pickaxe":84,"minecraft:iron_helmet":1,"biomesoplenty:redwood_boat":2,"biomesoplenty:jacaranda_log":1,"domesticationinnovation:drum":2,"minecraft:stone_axe":106,"biomesoplenty:jacaranda_sapling":1,"minecraft:fire_charge":1,"minecraft:furnace":2,"minecraft:cooked_porkchop":2,"minecraft:bucket":23},"minecraft:dropped":{"minecraft:enchanted_book":1,"minecraft:bricks":1,"minecraft:stripped_spruce_log":1,"minecraft:wheat_seeds":4,"minecraft:lilac":2,"biomesoplenty:redwood_planks":1,"minecraft:cracked_stone_bricks":1,"alexsmobs:bison_fur":2,"domesticationinnovation:deed_of_ownership":1,"minecraft:brick_stairs":2,"minecraft:peony":1,"minecraft:spruce_planks":1,"minecraft:oak_sapling":1,"minecraft:stone_bricks":4,"minecraft:iron_bars":1,"domesticationinnovation:collar_tag":2,"minecraft:netherrack":1},"minecraft:picked_up":{"biomesoplenty:burning_blossom":1,"biomesoplenty:lavender":1,"minecraft:magma_block":3,"minecraft:lilac":2,"minecraft:crafting_table":3,"minecraft:feather":1,"minecraft:chicken":2,"alexsmobs:bison_fur":2,"biomesoplenty:jacaranda_sapling":1,"minecraft:oak_log":4,"minecraft:string":4,"minecraft:dirt":5,"minecraft:red_bed":2,"minecraft:cooked_mutton":1,"minecraft:stone_bricks":4,"minecraft:cracked_stone_bricks":1,"minecraft:wheat_seeds":4,"minecraft:spruce_planks":1,"minecraft:iron_ingot":12,"minecraft:poppy":2,"biomesoplenty:redwood_wood":15,"minecraft:furnace":1,"minecraft:book":51,"biomesoplenty:redwood_boat":2,"minecraft:porkchop":8,"minecraft:stripped_spruce_log":1,"minecraft:spider_eye":1,"biomesoplenty:redwood_planks":8,"biomesoplenty:jacaranda_log":2,"minecraft:peony":1,"minecraft:hay_block":3,"alexsdelight:raw_bison":2,"domesticationinnovation:drum":1,"minecraft:netherrack":42,"minecraft:brick_stairs":2,"minecraft:oak_sapling":1,"minecraft:coal":1,"minecraft:mutton":3,"minecraft:bricks":1,"minecraft:iron_bars":2,"minecraft:white_wool":2,"minecraft:cobblestone":19},"minecraft:mined":{"biomesoplenty:jacaranda_leaves":15,"minecraft:spruce_planks":1,"biomesoplenty:redwood_planks":2,"minecraft:light_gray_stained_glass_pane":4,"minecraft:red_bed":2,"domesticationinnovation:drum":1,"alexsmobs:leafcutter_anthill":1,"biomesoplenty:burning_blossom":2,"minecraft:crafting_table":3,"biomesoplenty:bush":1,"minecraft:grass_block":2,"minecraft:brick_stairs":2,"minecraft:tall_grass":2,"minecraft:cobblestone":2,"biomesoplenty:sprout":1,"biomesoplenty:dead_grass":1,"minecraft:bricks":1,"minecraft:hay_block":3,"minecraft:magma_block":3,"minecraft:tall_seagrass":1,"biomesoplenty:jacaranda_log":2,"valhelsia_structures:bone_pile":1,"minecraft:furnace":1,"minecraft:fire":1,"minecraft:stripped_spruce_log":1,"minecraft:oak_log":4,"minecraft:grass":11,"minecraft:bookshelf":17,"minecraft:coal_ore":1,"minecraft:iron_bars":2,"minecraft:gravel":1,"minecraft:dirt":4,"minecraft:cracked_stone_bricks":1,"minecraft:stone_bricks":3,"minecraft:stone":19,"minecraft:netherrack":71,"biomesoplenty:redwood_wood":19,"minecraft:oak_leaves":4,"minecraft:fern":2},"minecraft:crafted":{"minecraft:oak_planks":4,"biomesoplenty:jacaranda_planks":4,"minecraft:cooked_porkchop":12,"minecraft:crafting_table":1,"biomesoplenty:redwood_planks":15,"minecraft:wooden_pickaxe":1,"minecraft:iron_helmet":1,"minecraft:furnace":1,"minecraft:bucket":1,"minecraft:stone_axe":2,"minecraft:cooked_mutton":2,"minecraft:air":99,"biomesoplenty:redwood_boat":1,"minecraft:shield":1,"minecraft:stick":6,"farmersdelight:cooked_bacon":9,"minecraft:iron_pickaxe":1,"minecraft:stone_pickaxe":1,"minecraft:stone_sword":1,"minecraft:torch":1},"minecraft:custom":{"minecraft:interact_with_furnace":27,"minecraft:mob_kills":27,"minecraft:interact_with_crafting_table":11,"minecraft:open_barrel":5,"minecraft:time_since_death":83345,"minecraft:sleep_in_bed":3,"minecraft:climb_one_cm":1888,"minecraft:time_since_rest":11465,"minecraft:damage_absorbed":40,"minecraft:sprint_one_cm":262252,"minecraft:damage_taken":1060,"minecraft:walk_one_cm":99740,"minecraft:damage_blocked_by_shield":540,"minecraft:drop":27,"minecraft:damage_dealt":6609,"minecraft:swim_one_cm":64977,"minecraft:talked_to_villager":7,"minecraft:fly_one_cm":412989,"minecraft:open_chest":50,"minecraft:play_time":83345,"minecraft:crouch_one_cm":7494,"minecraft:sneak_time":3170,"minecraft:walk_under_water_one_cm":5591,"minecraft:boat_one_cm":120436,"minecraft:jump":1903,"minecraft:walk_on_water_one_cm":12450,"minecraft:total_world_time":83345,"minecraft:fall_one_cm":50195},"minecraft:killed":{"minecraft:pig":4,"alexsmobs:raccoon":1,"minecraft:spider":4,"minecraft:iron_golem":3,"minecraft:sheep":2,"minecraft:zombie":8,"alexsmobs:terrapin":1,"minecraft:chicken":2,"alexsmobs:bison":1,"minecraft:drowned":1}},"DataVersion":3465}