{"stats":{"minecraft:broken":{"minecraft:stone_axe":1,"minecraft:iron_pickaxe":1},"minecraft:used":{"minecraft:stone_sword":54,"biomesoplenty:redwood_planks":34,"minecraft:shield":65,"minecraft:iron_sword":8,"minecraft:netherrack":174,"minecraft:iron_chestplate":1,"minecraft:dirt":5,"minecraft:obsidian":3,"minecraft:lava_bucket":18,"minecraft:iron_helmet":1,"biomesoplenty:redwood_boat":2,"biomesoplenty:jacaranda_log":1,"minecraft:crimson_planks":13,"biomesoplenty:jacaranda_sapling":1,"minecraft:furnace":2,"minecraft:cooked_mutton":3,"minecraft:water_bucket":21,"minecraft:stone_pickaxe":10,"minecraft:blackstone":77,"minecraft:wooden_pickaxe":23,"biomesoplenty:lavender":1,"minecraft:golden_apple":1,"minecraft:crafting_table":6,"minecraft:red_bed":2,"minecraft:diamond_pickaxe":260,"minecraft:bread":30,"minecraft:iron_pickaxe":248,"minecraft:crimson_nylium":1,"domesticationinnovation:drum":2,"minecraft:stone_axe":166,"minecraft:nether_wart_block":3,"minecraft:fire_charge":1,"minecraft:cooked_porkchop":19,"minecraft:bucket":40},"minecraft:dropped":{"minecraft:enchanted_book":1,"minecraft:stripped_spruce_log":1,"minecraft:wheat_seeds":4,"minecraft:lilac":2,"biomesoplenty:rose_quartz_chunk":2,"minecraft:cracked_stone_bricks":1,"domesticationinnovation:deed_of_ownership":1,"alexsmobs:bison_fur":2,"minecraft:crimson_roots":2,"alexsmobs:dropbear_claw":1,"minecraft:gilded_blackstone":1,"minecraft:polished_blackstone_bricks":1,"minecraft:gold_ingot":9,"minecraft:chiseled_polished_blackstone":2,"minecraft:bricks":1,"biomesoplenty:redwood_planks":1,"minecraft:brick_stairs":2,"minecraft:peony":1,"minecraft:spruce_planks":1,"minecraft:oak_sapling":1,"minecraft:stone_bricks":4,"minecraft:iron_bars":1,"minecraft:stone_pickaxe":1,"domesticationinnovation:collar_tag":2,"minecraft:netherrack":1},"minecraft:picked_up":{"minecraft:crafting_table":5,"biomesoplenty:burning_blossom":1,"minecraft:splash_potion":1,"minecraft:chicken":2,"biomesoplenty:jacaranda_sapling":1,"minecraft:gilded_blackstone":1,"minecraft:red_bed":2,"minecraft:string":12,"minecraft:blackstone":81,"alexsmobs:dropbear_claw":4,"minecraft:cracked_stone_bricks":1,"alexsmobs:blood_sac":11,"minecraft:spruce_planks":1,"minecraft:poppy":2,"biomesoplenty:redwood_wood":15,"minecraft:furnace":1,"biomesoplenty:redwood_boat":2,"minecraft:porkchop":8,"minecraft:polished_blackstone_bricks":8,"biomesoplenty:redwood_planks":8,"biomesoplenty:jacaranda_log":2,"biomesoplenty:rose_quartz_chunk":2,"minecraft:peony":1,"minecraft:hay_block":3,"alexsdelight:raw_bison":2,"minecraft:gold_ingot":5,"minecraft:brick_stairs":2,"minecraft:obsidian":2,"minecraft:mutton":3,"minecraft:iron_bars":2,"minecraft:white_wool":2,"minecraft:cobblestone":19,"biomesoplenty:lavender":1,"minecraft:magma_block":3,"minecraft:feather":1,"minecraft:lilac":2,"minecraft:crimson_stem":8,"minecraft:leather":2,"alexsmobs:bison_fur":2,"minecraft:oak_log":4,"minecraft:nether_wart_block":3,"alexsmobs:mosquito_proboscis":1,"minecraft:dirt":5,"minecraft:cooked_mutton":1,"minecraft:stone_bricks":4,"minecraft:wheat_seeds":4,"minecraft:iron_ingot":12,"minecraft:book":51,"minecraft:cooked_porkchop":6,"minecraft:chiseled_polished_blackstone":2,"minecraft:quartz":6,"minecraft:stripped_spruce_log":1,"minecraft:spectral_arrow":12,"minecraft:spider_eye":1,"minecraft:cracked_polished_blackstone_bricks":5,"domesticationinnovation:drum":1,"minecraft:oak_sapling":1,"minecraft:netherrack":332,"minecraft:crimson_nylium":1,"minecraft:bricks":1,"minecraft:coal":1,"minecraft:crimson_roots":2},"minecraft:mined":{"minecraft:spruce_planks":1,"minecraft:light_gray_stained_glass_pane":4,"alexsmobs:leafcutter_anthill":1,"biomesoplenty:burning_blossom":2,"minecraft:chiseled_polished_blackstone":2,"biomesoplenty:bush":1,"minecraft:grass_block":2,"minecraft:crimson_roots":1,"minecraft:brick_stairs":2,"minecraft:cracked_polished_blackstone_bricks":5,"biomesoplenty:dead_grass":1,"minecraft:gilded_blackstone":1,"minecraft:crimson_stem":8,"minecraft:hay_block":3,"minecraft:polished_blackstone_bricks":9,"minecraft:tall_seagrass":1,"biomesoplenty:jacaranda_log":2,"minecraft:magma_block":3,"minecraft:furnace":1,"minecraft:fire":3,"minecraft:stripped_spruce_log":1,"minecraft:bookshelf":17,"minecraft:iron_bars":2,"minecraft:stone":19,"biomesoplenty:rose_quartz_cluster":1,"biomesoplenty:jacaranda_leaves":15,"biomesoplenty:redwood_planks":2,"minecraft:blackstone":88,"minecraft:red_bed":2,"domesticationinnovation:drum":1,"minecraft:crimson_nylium":14,"minecraft:crafting_table":5,"minecraft:nether_quartz_ore":1,"minecraft:tall_grass":2,"minecraft:cobblestone":2,"biomesoplenty:sprout":1,"minecraft:bricks":1,"valhelsia_structures:bone_pile":1,"minecraft:nether_wart_block":3,"minecraft:grass":11,"minecraft:coal_ore":1,"minecraft:oak_log":4,"minecraft:gravel":1,"minecraft:dirt":4,"minecraft:cracked_stone_bricks":1,"minecraft:stone_bricks":3,"minecraft:netherrack":371,"biomesoplenty:redwood_wood":19,"minecraft:oak_leaves":4,"minecraft:fern":2},"minecraft:crafted":{"minecraft:oak_planks":4,"minecraft:furnace":1,"minecraft:cooked_mutton":2,"minecraft:iron_boots":1,"minecraft:stone_pickaxe":1,"minecraft:crimson_planks":8,"biomesoplenty:jacaranda_planks":4,"minecraft:cooked_porkchop":12,"minecraft:crafting_table":2,"biomesoplenty:redwood_planks":15,"minecraft:wooden_pickaxe":1,"minecraft:iron_helmet":1,"minecraft:bucket":1,"minecraft:stone_axe":2,"minecraft:air":153,"biomesoplenty:redwood_boat":1,"minecraft:iron_chestplate":1,"minecraft:shield":1,"minecraft:stick":6,"minecraft:iron_ingot":2,"minecraft:iron_pickaxe":1,"minecraft:stone_sword":1,"minecraft:iron_leggings":1,"farmersdelight:cooked_bacon":9,"minecraft:torch":1},"minecraft:custom":{"minecraft:mob_kills":48,"minecraft:interact_with_crafting_table":13,"minecraft:open_barrel":5,"minecraft:time_since_death":131345,"minecraft:climb_one_cm":3049,"minecraft:sprint_one_cm":388972,"minecraft:walk_one_cm":165382,"minecraft:damage_blocked_by_shield":1930,"minecraft:drop":45,"minecraft:talked_to_villager":7,"minecraft:play_time":131345,"minecraft:sneak_time":12166,"minecraft:walk_under_water_one_cm":5591,"minecraft:boat_one_cm":120436,"minecraft:jump":2700,"minecraft:walk_on_water_one_cm":12450,"minecraft:total_world_time":131345,"minecraft:interact_with_furnace":27,"minecraft:sleep_in_bed":3,"minecraft:time_since_rest":59465,"minecraft:damage_taken":2325,"minecraft:damage_absorbed":40,"minecraft:damage_dealt":9413,"minecraft:swim_one_cm":64977,"minecraft:fly_one_cm":548845,"minecraft:open_chest":62,"minecraft:crouch_one_cm":43978,"minecraft:fall_one_cm":73753},"minecraft:killed":{"alexsmobs:bone_serpent":1,"alexsmobs:dropbear":2,"alexsmobs:raccoon":1,"minecraft:spider":4,"minecraft:chicken":2,"alexsmobs:bison":1,"minecraft:drowned":1,"minecraft:pig":4,"minecraft:iron_golem":3,"minecraft:hoglin":1,"alexsmobs:crimson_mosquito":17,"minecraft:sheep":2,"minecraft:zombie":8,"alexsmobs:terrapin":1}},"DataVersion":3465}