{"stats":{"minecraft:broken":{"minecraft:stone_pickaxe":1},"minecraft:used":{"minecraft:iron_shovel":129,"minecraft:shield":30,"minecraft:iron_sword":41,"minecraft:wooden_shovel":31,"minecraft:grass":1,"minecraft:iron_chestplate":1,"minecraft:torch":8,"framedblocks:framed_threeway_corner_pillar":1,"minecraft:iron_helmet":1,"minecraft:iron_boots":1,"minecraft:furnace":3,"minecraft:gray_bed":1,"comforts:sleeping_bag_white":3,"minecraft:iron_leggings":1,"farmersdelight:iron_knife":51,"minecraft:stone_pickaxe":131,"minecraft:wooden_pickaxe":21,"minecraft:crafting_table":5,"minecraft:blast_furnace":2,"minecraft:shears":20,"minecraft:bread":34,"minecraft:iron_pickaxe":2,"minecraft:stone_axe":49,"minecraft:porkchop":1,"minecraft:cooked_porkchop":8},"minecraft:dropped":{"minecraft:iron_ingot":1,"minecraft:wheat_seeds":9,"minecraft:oak_log":1,"minecraft:glow_ink_sac":1,"valhelsia_structures:doused_torch":1,"minecraft:stick":1,"minecraft:dirt":2,"minecraft:grass":5,"minecraft:diorite":1,"framedblocks:framed_threeway_corner_pillar":1,"minecraft:armor_stand":5,"minecraft:furnace":1,"minecraft:rotten_flesh":5,"minecraft:oak_planks":52,"farmersdelight:straw":1,"minecraft:charcoal":2,"minecraft:wooden_shovel":1,"minecraft:ladder":3,"minecraft:spider_eye":2,"biomesoplenty:bush":1,"minecraft:wooden_pickaxe":2},"minecraft:picked_up":{"minecraft:charcoal":2,"minecraft:ladder":3,"minecraft:lead":2,"minecraft:string":8,"minecraft:armor_stand":5,"comforts:sleeping_bag_white":2,"minecraft:beef":32,"farmersdelight:straw":1,"minecraft:rose_bush":72,"valhelsia_structures:doused_torch":1,"minecraft:light_gray_wool":3,"minecraft:sugar_cane":9,"minecraft:egg":1,"minecraft:furnace":2,"minecraft:raw_iron":27,"minecraft:copper_ingot":1,"create:andesite_casing":1,"minecraft:porkchop":12,"minecraft:diorite":78,"minecraft:rotten_flesh":5,"minecraft:shears":1,"minecraft:hay_block":18,"minecraft:white_wool":22,"minecraft:cobblestone":99,"biomesoplenty:lavender":22,"minecraft:lilac":11,"minecraft:glow_ink_sac":1,"minecraft:leather":23,"minecraft:fern":9,"alexsmobs:bear_fur":2,"minecraft:oak_log":7,"framedblocks:framed_threeway_corner_pillar":2,"minecraft:dirt":152,"biomesoplenty:bush":1,"minecraft:wheat_seeds":9,"minecraft:iron_ingot":1,"minecraft:gray_bed":1,"minecraft:oak_planks":52,"minecraft:raw_iron_block":5,"minecraft:blast_furnace":2,"minecraft:spider_eye":2,"farmersdelight:cooked_mutton_chops":11,"minecraft:grass":6,"minecraft:bread":2,"minecraft:coal":91},"minecraft:mined":{"create:andesite_casing":1,"minecraft:ladder":1,"biomesoplenty:bush":29,"minecraft:grass_block":123,"biomesoplenty:flowering_oak_leaves":2,"minecraft:hay_block":20,"minecraft:raw_iron_block":5,"minecraft:furnace":2,"minecraft:iron_ore":27,"biomesoplenty:lavender":7,"minecraft:stone":29,"minecraft:blast_furnace":2,"minecraft:rose_bush":87,"minecraft:sugar_cane":3,"minecraft:diorite":36,"minecraft:lilac":16,"minecraft:gray_bed":1,"minecraft:grass":31,"biomesoplenty:clover":3,"minecraft:oak_log":7,"minecraft:coal_ore":51,"minecraft:dirt":45,"minecraft:cobweb":4,"minecraft:oak_leaves":6,"minecraft:fern":14},"minecraft:crafted":{"minecraft:oak_planks":27,"minecraft:raw_iron":5,"minecraft:iron_nugget":8,"create:white_sail":20,"comforts:sleeping_bag_white":1,"minecraft:furnace":2,"create:mechanical_bearing":1,"sophisticatedbackpacks:copper_backpack":1,"minecraft:stone_pickaxe":1,"minecraft:chest":2,"create:windmill_bearing":1,"sophisticatedbackpacks:iron_backpack":1,"minecraft:oak_slab":6,"minecraft:wooden_shovel":1,"create:andesite_alloy":36,"create:hand_crank":1,"sophisticatedbackpacks:backpack":2,"minecraft:cooked_porkchop":8,"minecraft:crafting_table":5,"minecraft:wooden_pickaxe":2,"minecraft:iron_sword":1,"create:large_water_wheel":1,"minecraft:copper_ingot":11,"minecraft:stone_axe":1,"minecraft:air":538,"minecraft:charcoal":5,"create:water_wheel":1,"minecraft:shield":1,"minecraft:stick":21,"minecraft:iron_ingot":18,"minecraft:iron_pickaxe":1,"minecraft:iron_shovel":1,"create:shaft":3,"minecraft:andesite":77,"minecraft:torch":8},"minecraft:custom":{"minecraft:mob_kills":36,"minecraft:interact_with_crafting_table":30,"minecraft:open_barrel":3,"minecraft:eat_cake_slice":3,"minecraft:leave_game":1,"minecraft:time_since_death":78881,"minecraft:climb_one_cm":14819,"minecraft:sprint_one_cm":572518,"minecraft:walk_one_cm":266181,"minecraft:damage_blocked_by_shield":2170,"minecraft:drop":40,"minecraft:talked_to_villager":4,"minecraft:play_time":184510,"minecraft:deaths":3,"minecraft:sneak_time":2011,"minecraft:walk_under_water_one_cm":9694,"minecraft:boat_one_cm":24457,"minecraft:jump":3603,"minecraft:interact_with_blast_furnace":10,"minecraft:walk_on_water_one_cm":17448,"minecraft:total_world_time":184510,"minecraft:interact_with_furnace":20,"minecraft:sleep_in_bed":12,"minecraft:time_since_rest":0,"minecraft:damage_taken":2526,"minecraft:damage_dealt":4778,"minecraft:fly_one_cm":720831,"minecraft:swim_one_cm":36460,"minecraft:open_chest":38,"minecraft:crouch_one_cm":5225,"minecraft:interact_with_smoker":1,"minecraft:fall_one_cm":117058},"minecraft:killed":{"minecraft:spider":2,"minecraft:skeleton":3,"alexsmobs:bison":1,"minecraft:drowned":1,"minecraft:pig":7,"alexsmobs:grizzly_bear":1,"minecraft:wandering_trader":1,"minecraft:zombie":3,"alexsmobs:crocodile":1,"minecraft:cow":16},"minecraft:killed_by":{"alexsmobs:grizzly_bear":1}},"DataVersion":3465}