{"stats":{"minecraft:mined":{"biomesoplenty:lavender":7,"minecraft:grass":6,"minecraft:grass_block":45,"minecraft:stone":20,"minecraft:sugar_cane":3,"minecraft:oak_leaves":1},"minecraft:killed":{"minecraft:pig":4},"minecraft:killed_by":{"alexsmobs:grizzly_bear":1},"minecraft:crafted":{"minecraft:oak_planks":24,"minecraft:wooden_shovel":1,"minecraft:crafting_table":2,"minecraft:stick":7,"minecraft:wooden_pickaxe":2,"minecraft:stone_pickaxe":1,"minecraft:stone_axe":1,"minecraft:air":110},"minecraft:used":{"minecraft:wooden_pickaxe":21,"minecraft:wooden_shovel":31,"minecraft:stone_axe":5,"minecraft:crafting_table":2},"minecraft:dropped":{"minecraft:wheat_seeds":3,"minecraft:wooden_shovel":1,"minecraft:wooden_pickaxe":2},"minecraft:custom":{"minecraft:time_since_rest":2837,"minecraft:sprint_one_cm":36185,"minecraft:damage_taken":370,"minecraft:walk_one_cm":16791,"minecraft:mob_kills":4,"minecraft:drop":6,"minecraft:damage_dealt":400,"minecraft:interact_with_crafting_table":5,"minecraft:swim_one_cm":4067,"minecraft:fly_one_cm":61341,"minecraft:crouch_one_cm":3396,"minecraft:play_time":13295,"minecraft:deaths":1,"minecraft:sneak_time":693,"minecraft:walk_under_water_one_cm":184,"minecraft:jump":237,"minecraft:time_since_death":2808,"minecraft:walk_on_water_one_cm":1258,"minecraft:total_world_time":13295,"minecraft:fall_one_cm":8472},"minecraft:picked_up":{"biomesoplenty:lavender":22,"minecraft:porkchop":9,"minecraft:dirt":40,"minecraft:wheat_seeds":3,"minecraft:sugar_cane":9,"minecraft:cobblestone":20}},"DataVersion":3465}