{"stats":{"minecraft:mined":{"minecraft:furnace":1,"biomesoplenty:lavender":7,"minecraft:grass":7,"minecraft:coal_ore":21,"minecraft:grass_block":45,"minecraft:oak_log":5,"biomesoplenty:flowering_oak_leaves":2,"minecraft:stone":24,"minecraft:sugar_cane":3,"minecraft:oak_leaves":2},"minecraft:killed":{"minecraft:pig":4},"minecraft:killed_by":{"alexsmobs:grizzly_bear":1},"minecraft:crafted":{"minecraft:oak_planks":24,"minecraft:wooden_shovel":1,"minecraft:charcoal":5,"minecraft:cooked_porkchop":8,"minecraft:crafting_table":3,"minecraft:stick":7,"minecraft:wooden_pickaxe":2,"minecraft:stone_pickaxe":1,"minecraft:furnace":1,"minecraft:stone_axe":1,"minecraft:air":112},"minecraft:used":{"minecraft:stone_pickaxe":26,"minecraft:wooden_pickaxe":21,"minecraft:wooden_shovel":31,"minecraft:stone_axe":12,"minecraft:crafting_table":3,"minecraft:cooked_porkchop":2,"minecraft:furnace":2,"minecraft:porkchop":1},"minecraft:dropped":{"minecraft:wheat_seeds":3,"minecraft:wooden_shovel":1,"minecraft:wooden_pickaxe":2},"minecraft:custom":{"minecraft:time_since_rest":14837,"minecraft:interact_with_furnace":8,"minecraft:sprint_one_cm":74885,"minecraft:damage_taken":370,"minecraft:walk_one_cm":44865,"minecraft:mob_kills":4,"minecraft:drop":6,"minecraft:damage_dealt":400,"minecraft:interact_with_crafting_table":8,"minecraft:swim_one_cm":4067,"minecraft:fly_one_cm":112417,"minecraft:crouch_one_cm":3855,"minecraft:play_time":25295,"minecraft:deaths":1,"minecraft:sneak_time":890,"minecraft:walk_under_water_one_cm":184,"minecraft:jump":460,"minecraft:time_since_death":14808,"minecraft:walk_on_water_one_cm":1258,"minecraft:total_world_time":25295,"minecraft:fall_one_cm":13337},"minecraft:picked_up":{"biomesoplenty:lavender":22,"minecraft:porkchop":9,"minecraft:oak_log":5,"minecraft:dirt":40,"minecraft:wheat_seeds":3,"minecraft:sugar_cane":9,"minecraft:coal":21,"minecraft:cobblestone":24,"minecraft:furnace":1}},"DataVersion":3465}