{"stats":{"minecraft:mined":{"minecraft:grass_block":45,"biomesoplenty:flowering_oak_leaves":2,"minecraft:sugar_cane":3,"minecraft:hay_block":20,"minecraft:furnace":2,"minecraft:iron_ore":7,"biomesoplenty:lavender":7,"minecraft:gray_bed":1,"minecraft:grass":8,"minecraft:oak_log":5,"minecraft:coal_ore":31,"minecraft:dirt":1,"minecraft:stone":24,"minecraft:oak_leaves":2},"minecraft:killed":{"minecraft:pig":7,"minecraft:wandering_trader":1,"alexsmobs:crocodile":1,"minecraft:zombie":1,"alexsmobs:bison":1},"minecraft:killed_by":{"alexsmobs:grizzly_bear":1},"minecraft:crafted":{"minecraft:oak_planks":24,"minecraft:wooden_shovel":1,"minecraft:cooked_porkchop":8,"minecraft:crafting_table":4,"minecraft:wooden_pickaxe":2,"minecraft:furnace":2,"minecraft:stone_axe":1,"minecraft:air":114,"minecraft:charcoal":5,"minecraft:shield":1,"minecraft:stick":7,"minecraft:iron_ingot":1,"minecraft:stone_pickaxe":1},"minecraft:used":{"farmersdelight:iron_knife":5,"minecraft:stone_pickaxe":45,"minecraft:wooden_pickaxe":21,"minecraft:shield":13,"minecraft:wooden_shovel":31,"minecraft:crafting_table":4,"minecraft:bread":1,"minecraft:stone_axe":23,"minecraft:porkchop":1,"minecraft:furnace":3,"minecraft:cooked_porkchop":7},"minecraft:dropped":{"minecraft:iron_ingot":1,"minecraft:furnace":1,"minecraft:wheat_seeds":3,"minecraft:oak_planks":1,"minecraft:charcoal":2,"minecraft:wooden_shovel":1,"minecraft:wooden_pickaxe":2},"minecraft:custom":{"minecraft:interact_with_furnace":14,"minecraft:mob_kills":11,"minecraft:interact_with_crafting_table":10,"minecraft:open_barrel":1,"minecraft:time_since_death":38808,"minecraft:sleep_in_bed":3,"minecraft:time_since_rest":3264,"minecraft:sprint_one_cm":146052,"minecraft:damage_taken":800,"minecraft:walk_one_cm":83801,"minecraft:damage_blocked_by_shield":990,"minecraft:drop":10,"minecraft:damage_dealt":1438,"minecraft:swim_one_cm":4202,"minecraft:fly_one_cm":232297,"minecraft:open_chest":20,"minecraft:crouch_one_cm":4140,"minecraft:play_time":49295,"minecraft:deaths":1,"minecraft:sneak_time":1008,"minecraft:walk_under_water_one_cm":556,"minecraft:jump":1066,"minecraft:walk_on_water_one_cm":3679,"minecraft:total_world_time":49295,"minecraft:fall_one_cm":31936},"minecraft:picked_up":{"biomesoplenty:lavender":22,"minecraft:charcoal":2,"minecraft:lead":2,"minecraft:oak_log":5,"minecraft:dirt":41,"minecraft:wheat_seeds":3,"minecraft:iron_ingot":1,"minecraft:light_gray_wool":3,"minecraft:sugar_cane":9,"minecraft:gray_bed":1,"minecraft:oak_planks":1,"minecraft:furnace":2,"minecraft:egg":1,"minecraft:raw_iron":7,"minecraft:porkchop":12,"minecraft:shears":1,"minecraft:hay_block":18,"minecraft:bread":2,"minecraft:coal":65,"minecraft:white_wool":15,"minecraft:cobblestone":24}},"DataVersion":3465}