{"stats":{"minecraft:used":{"farmersdelight:iron_knife":51,"minecraft:stone_pickaxe":131,"minecraft:shield":18,"minecraft:wooden_pickaxe":21,"minecraft:wooden_shovel":31,"minecraft:iron_chestplate":1,"minecraft:torch":7,"minecraft:crafting_table":5,"minecraft:blast_furnace":1,"framedblocks:framed_threeway_corner_pillar":1,"minecraft:bread":20,"minecraft:iron_pickaxe":1,"minecraft:iron_helmet":1,"minecraft:iron_boots":1,"minecraft:stone_axe":47,"minecraft:furnace":3,"minecraft:cooked_porkchop":8,"minecraft:porkchop":1,"minecraft:iron_leggings":1},"minecraft:dropped":{"minecraft:iron_ingot":1,"minecraft:furnace":1,"minecraft:wheat_seeds":7,"minecraft:glow_ink_sac":1,"minecraft:oak_log":1,"minecraft:rotten_flesh":4,"minecraft:oak_planks":52,"valhelsia_structures:doused_torch":1,"minecraft:dirt":2,"minecraft:diorite":1,"framedblocks:framed_threeway_corner_pillar":1,"minecraft:charcoal":2,"minecraft:ladder":3,"minecraft:wooden_shovel":1,"minecraft:wooden_pickaxe":2},"minecraft:broken":{"minecraft:stone_pickaxe":1},"minecraft:picked_up":{"biomesoplenty:lavender":22,"minecraft:charcoal":2,"minecraft:ladder":3,"minecraft:glow_ink_sac":1,"minecraft:leather":8,"minecraft:lead":2,"minecraft:oak_log":6,"framedblocks:framed_threeway_corner_pillar":2,"minecraft:string":4,"minecraft:dirt":42,"minecraft:armor_stand":5,"minecraft:wheat_seeds":7,"minecraft:iron_ingot":1,"minecraft:beef":7,"farmersdelight:straw":1,"valhelsia_structures:doused_torch":1,"minecraft:light_gray_wool":3,"minecraft:sugar_cane":9,"minecraft:gray_bed":1,"minecraft:oak_planks":52,"minecraft:furnace":2,"minecraft:egg":1,"minecraft:raw_iron":27,"create:andesite_casing":1,"minecraft:raw_iron_block":5,"minecraft:porkchop":12,"minecraft:blast_furnace":1,"minecraft:diorite":78,"minecraft:rotten_flesh":4,"minecraft:shears":1,"minecraft:hay_block":18,"minecraft:bread":2,"minecraft:coal":91,"minecraft:white_wool":18,"minecraft:cobblestone":99},"minecraft:mined":{"create:andesite_casing":1,"minecraft:ladder":1,"biomesoplenty:bush":24,"minecraft:blast_furnace":1,"minecraft:grass_block":45,"biomesoplenty:flowering_oak_leaves":2,"minecraft:sugar_cane":3,"minecraft:diorite":36,"minecraft:hay_block":20,"minecraft:raw_iron_block":5,"minecraft:furnace":2,"minecraft:iron_ore":27,"biomesoplenty:lavender":7,"minecraft:gray_bed":1,"minecraft:grass":21,"minecraft:coal_ore":51,"minecraft:oak_log":5,"minecraft:dirt":1,"minecraft:cobweb":4,"minecraft:stone":29,"minecraft:oak_leaves":2},"minecraft:crafted":{"minecraft:oak_slab":6,"create:andesite_alloy":27,"minecraft:oak_planks":24,"minecraft:raw_iron":5,"minecraft:wooden_shovel":1,"sophisticatedbackpacks:backpack":1,"minecraft:cooked_porkchop":8,"minecraft:iron_nugget":6,"minecraft:crafting_table":5,"create:white_sail":20,"minecraft:wooden_pickaxe":2,"minecraft:furnace":2,"create:mechanical_bearing":1,"minecraft:stone_axe":1,"minecraft:air":498,"minecraft:charcoal":5,"minecraft:shield":1,"minecraft:stick":17,"minecraft:iron_pickaxe":1,"minecraft:iron_ingot":18,"minecraft:stone_pickaxe":1,"minecraft:chest":1,"create:shaft":3,"minecraft:andesite":77,"minecraft:torch":8,"create:windmill_bearing":1},"minecraft:custom":{"minecraft:interact_with_furnace":16,"minecraft:mob_kills":20,"minecraft:interact_with_crafting_table":17,"minecraft:open_barrel":3,"minecraft:eat_cake_slice":3,"minecraft:leave_game":1,"minecraft:time_since_death":24881,"minecraft:sleep_in_bed":8,"minecraft:climb_one_cm":12773,"minecraft:time_since_rest":19323,"minecraft:sprint_one_cm":399276,"minecraft:damage_taken":2313,"minecraft:walk_one_cm":212738,"minecraft:damage_blocked_by_shield":1250,"minecraft:drop":28,"minecraft:damage_dealt":2711,"minecraft:swim_one_cm":12943,"minecraft:talked_to_villager":4,"minecraft:fly_one_cm":446338,"minecraft:open_chest":30,"minecraft:crouch_one_cm":5222,"minecraft:play_time":130510,"minecraft:deaths":3,"minecraft:sneak_time":1826,"minecraft:walk_under_water_one_cm":8160,"minecraft:boat_one_cm":24457,"minecraft:jump":2384,"minecraft:interact_with_blast_furnace":8,"minecraft:walk_on_water_one_cm":9263,"minecraft:total_world_time":130510,"minecraft:interact_with_smoker":1,"minecraft:fall_one_cm":83674},"minecraft:killed":{"minecraft:pig":7,"minecraft:wandering_trader":1,"minecraft:skeleton":3,"alexsmobs:crocodile":1,"minecraft:zombie":3,"alexsmobs:bison":1,"minecraft:cow":4},"minecraft:killed_by":{"alexsmobs:grizzly_bear":1}},"DataVersion":3465}