{"stats":{"minecraft:mined":{"minecraft:ladder":1,"minecraft:blast_furnace":1,"biomesoplenty:bush":5,"minecraft:grass_block":45,"biomesoplenty:flowering_oak_leaves":2,"minecraft:sugar_cane":3,"minecraft:hay_block":20,"minecraft:raw_iron_block":5,"minecraft:furnace":2,"minecraft:iron_ore":10,"biomesoplenty:lavender":7,"minecraft:gray_bed":1,"minecraft:grass":9,"minecraft:oak_log":5,"minecraft:coal_ore":31,"minecraft:cobweb":4,"minecraft:dirt":1,"minecraft:stone":24,"minecraft:oak_leaves":2},"minecraft:killed":{"minecraft:pig":7,"minecraft:wandering_trader":1,"alexsmobs:crocodile":1,"minecraft:zombie":1,"alexsmobs:bison":1,"minecraft:cow":3},"minecraft:killed_by":{"alexsmobs:grizzly_bear":1},"minecraft:crafted":{"minecraft:oak_planks":24,"minecraft:raw_iron":5,"minecraft:wooden_shovel":1,"sophisticatedbackpacks:backpack":1,"minecraft:cooked_porkchop":8,"minecraft:crafting_table":5,"minecraft:wooden_pickaxe":2,"minecraft:furnace":2,"minecraft:stone_axe":1,"minecraft:air":159,"minecraft:charcoal":5,"minecraft:shield":1,"minecraft:stick":7,"minecraft:iron_ingot":1,"minecraft:stone_pickaxe":1,"minecraft:chest":1},"minecraft:used":{"farmersdelight:iron_knife":43,"minecraft:stone_pickaxe":54,"minecraft:wooden_pickaxe":21,"minecraft:shield":13,"minecraft:wooden_shovel":31,"minecraft:iron_chestplate":1,"minecraft:crafting_table":5,"minecraft:blast_furnace":1,"minecraft:bread":9,"minecraft:iron_helmet":1,"minecraft:iron_boots":1,"minecraft:stone_axe":36,"minecraft:porkchop":1,"minecraft:furnace":3,"minecraft:cooked_porkchop":8,"minecraft:iron_leggings":1},"minecraft:dropped":{"minecraft:iron_ingot":1,"minecraft:furnace":1,"minecraft:wheat_seeds":6,"minecraft:oak_log":1,"minecraft:oak_planks":52,"valhelsia_structures:doused_torch":1,"minecraft:dirt":2,"framedblocks:framed_threeway_corner_pillar":1,"minecraft:charcoal":2,"minecraft:ladder":3,"minecraft:wooden_shovel":1,"minecraft:wooden_pickaxe":2},"minecraft:custom":{"minecraft:interact_with_furnace":15,"minecraft:mob_kills":14,"minecraft:interact_with_crafting_table":11,"minecraft:open_barrel":2,"minecraft:time_since_death":80808,"minecraft:sleep_in_bed":7,"minecraft:climb_one_cm":7344,"minecraft:time_since_rest":1082,"minecraft:sprint_one_cm":260679,"minecraft:damage_taken":1050,"minecraft:walk_one_cm":154919,"minecraft:damage_blocked_by_shield":990,"minecraft:drop":22,"minecraft:damage_dealt":1805,"minecraft:talked_to_villager":4,"minecraft:swim_one_cm":7954,"minecraft:fly_one_cm":319869,"minecraft:open_chest":29,"minecraft:crouch_one_cm":5135,"minecraft:play_time":91295,"minecraft:deaths":1,"minecraft:sneak_time":1703,"minecraft:walk_under_water_one_cm":640,"minecraft:boat_one_cm":24457,"minecraft:jump":1664,"minecraft:interact_with_blast_furnace":4,"minecraft:walk_on_water_one_cm":4060,"minecraft:interact_with_smoker":1,"minecraft:total_world_time":91295,"minecraft:fall_one_cm":51322},"minecraft:picked_up":{"biomesoplenty:lavender":22,"minecraft:charcoal":2,"minecraft:ladder":3,"minecraft:leather":6,"minecraft:lead":2,"minecraft:oak_log":6,"framedblocks:framed_threeway_corner_pillar":2,"minecraft:string":4,"minecraft:dirt":42,"minecraft:armor_stand":5,"minecraft:wheat_seeds":6,"minecraft:beef":5,"minecraft:iron_ingot":1,"valhelsia_structures:doused_torch":1,"minecraft:light_gray_wool":3,"minecraft:sugar_cane":9,"minecraft:gray_bed":1,"minecraft:oak_planks":52,"minecraft:furnace":2,"minecraft:egg":1,"minecraft:raw_iron":10,"minecraft:raw_iron_block":5,"minecraft:porkchop":12,"minecraft:blast_furnace":1,"minecraft:shears":1,"minecraft:hay_block":18,"minecraft:bread":2,"minecraft:coal":71,"minecraft:white_wool":17,"minecraft:cobblestone":25}},"DataVersion":3465}