{"stats":{"minecraft:mined":{"minecraft:furnace":2,"minecraft:iron_ore":4,"biomesoplenty:lavender":7,"minecraft:grass":7,"minecraft:coal_ore":31,"minecraft:grass_block":45,"minecraft:oak_log":5,"biomesoplenty:flowering_oak_leaves":2,"minecraft:stone":24,"minecraft:sugar_cane":3,"minecraft:oak_leaves":2},"minecraft:killed":{"alexsmobs:crocodile":1,"minecraft:pig":7,"minecraft:wandering_trader":1},"minecraft:killed_by":{"alexsmobs:grizzly_bear":1},"minecraft:crafted":{"minecraft:oak_planks":24,"minecraft:wooden_shovel":1,"minecraft:charcoal":5,"minecraft:cooked_porkchop":8,"minecraft:shield":1,"minecraft:crafting_table":4,"minecraft:stick":7,"minecraft:iron_ingot":1,"minecraft:wooden_pickaxe":2,"minecraft:stone_pickaxe":1,"minecraft:furnace":2,"minecraft:stone_axe":1,"minecraft:air":114},"minecraft:used":{"minecraft:stone_pickaxe":41,"minecraft:wooden_pickaxe":21,"minecraft:wooden_shovel":31,"minecraft:stone_axe":22,"minecraft:crafting_table":4,"minecraft:cooked_porkchop":5,"minecraft:furnace":3,"minecraft:porkchop":1},"minecraft:dropped":{"minecraft:iron_ingot":1,"minecraft:furnace":1,"minecraft:wheat_seeds":3,"minecraft:charcoal":2,"minecraft:wooden_shovel":1,"minecraft:oak_planks":1,"minecraft:wooden_pickaxe":2},"minecraft:custom":{"minecraft:time_since_rest":11309,"minecraft:interact_with_furnace":14,"minecraft:sprint_one_cm":113915,"minecraft:damage_taken":580,"minecraft:walk_one_cm":61772,"minecraft:mob_kills":9,"minecraft:drop":10,"minecraft:damage_dealt":1111,"minecraft:interact_with_crafting_table":10,"minecraft:swim_one_cm":4202,"minecraft:fly_one_cm":198695,"minecraft:crouch_one_cm":3855,"minecraft:play_time":37295,"minecraft:deaths":1,"minecraft:sneak_time":919,"minecraft:walk_under_water_one_cm":556,"minecraft:jump":822,"minecraft:time_since_death":26808,"minecraft:walk_on_water_one_cm":3679,"minecraft:sleep_in_bed":2,"minecraft:total_world_time":37295,"minecraft:fall_one_cm":26054},"minecraft:picked_up":{"biomesoplenty:lavender":22,"minecraft:charcoal":2,"minecraft:raw_iron":4,"minecraft:lead":2,"minecraft:porkchop":12,"minecraft:oak_log":5,"minecraft:dirt":40,"minecraft:wheat_seeds":3,"minecraft:shears":1,"minecraft:iron_ingot":1,"minecraft:light_gray_wool":3,"minecraft:oak_planks":1,"minecraft:sugar_cane":9,"minecraft:coal":65,"minecraft:white_wool":15,"minecraft:cobblestone":24,"minecraft:furnace":2}},"DataVersion":3465}