{"stats":{"minecraft:used":{"farmersdelight:iron_knife":51,"minecraft:iron_shovel":46,"minecraft:stone_pickaxe":131,"minecraft:shield":19,"minecraft:wooden_pickaxe":21,"minecraft:iron_sword":3,"minecraft:grass":1,"minecraft:wooden_shovel":31,"minecraft:iron_chestplate":1,"minecraft:torch":7,"minecraft:crafting_table":5,"minecraft:blast_furnace":1,"minecraft:shears":1,"framedblocks:framed_threeway_corner_pillar":1,"minecraft:bread":24,"minecraft:iron_pickaxe":1,"minecraft:iron_helmet":1,"minecraft:iron_boots":1,"minecraft:stone_axe":49,"minecraft:furnace":3,"minecraft:cooked_porkchop":8,"minecraft:porkchop":1,"minecraft:gray_bed":1,"comforts:sleeping_bag_white":2,"minecraft:iron_leggings":1},"minecraft:dropped":{"minecraft:iron_ingot":1,"minecraft:furnace":1,"minecraft:wheat_seeds":8,"minecraft:glow_ink_sac":1,"minecraft:oak_log":1,"minecraft:rotten_flesh":4,"minecraft:oak_planks":52,"valhelsia_structures:doused_torch":1,"minecraft:dirt":2,"minecraft:diorite":1,"framedblocks:framed_threeway_corner_pillar":1,"minecraft:charcoal":2,"minecraft:ladder":3,"minecraft:wooden_shovel":1,"minecraft:wooden_pickaxe":2,"minecraft:armor_stand":5},"minecraft:broken":{"minecraft:stone_pickaxe":1},"minecraft:picked_up":{"biomesoplenty:lavender":22,"minecraft:charcoal":2,"minecraft:lilac":11,"minecraft:ladder":3,"minecraft:glow_ink_sac":1,"minecraft:leather":8,"minecraft:lead":2,"minecraft:oak_log":7,"framedblocks:framed_threeway_corner_pillar":2,"minecraft:string":6,"minecraft:dirt":83,"biomesoplenty:bush":1,"minecraft:armor_stand":5,"minecraft:wheat_seeds":8,"comforts:sleeping_bag_white":2,"minecraft:iron_ingot":1,"minecraft:beef":7,"farmersdelight:straw":1,"valhelsia_structures:doused_torch":1,"minecraft:light_gray_wool":3,"minecraft:sugar_cane":9,"minecraft:gray_bed":1,"minecraft:oak_planks":52,"minecraft:furnace":2,"minecraft:egg":1,"minecraft:raw_iron":27,"create:andesite_casing":1,"minecraft:raw_iron_block":5,"minecraft:porkchop":12,"minecraft:blast_furnace":1,"minecraft:diorite":78,"minecraft:spider_eye":1,"minecraft:rotten_flesh":4,"minecraft:shears":1,"minecraft:hay_block":18,"minecraft:grass":1,"minecraft:bread":2,"minecraft:coal":91,"minecraft:white_wool":18,"minecraft:cobblestone":99},"minecraft:mined":{"create:andesite_casing":1,"minecraft:ladder":1,"biomesoplenty:bush":27,"minecraft:blast_furnace":1,"minecraft:grass_block":87,"biomesoplenty:flowering_oak_leaves":2,"minecraft:sugar_cane":3,"minecraft:diorite":36,"minecraft:hay_block":20,"minecraft:raw_iron_block":5,"minecraft:furnace":2,"minecraft:iron_ore":27,"minecraft:lilac":16,"biomesoplenty:lavender":7,"minecraft:gray_bed":1,"minecraft:grass":26,"minecraft:coal_ore":51,"minecraft:oak_log":7,"minecraft:dirt":1,"minecraft:cobweb":4,"minecraft:stone":29,"minecraft:oak_leaves":6},"minecraft:crafted":{"minecraft:oak_slab":6,"create:andesite_alloy":36,"minecraft:oak_planks":25,"minecraft:raw_iron":5,"minecraft:wooden_shovel":1,"create:hand_crank":1,"sophisticatedbackpacks:backpack":1,"minecraft:cooked_porkchop":8,"minecraft:iron_nugget":8,"minecraft:crafting_table":5,"create:white_sail":20,"comforts:sleeping_bag_white":1,"minecraft:wooden_pickaxe":2,"minecraft:iron_sword":1,"create:large_water_wheel":1,"minecraft:furnace":2,"create:mechanical_bearing":1,"minecraft:stone_axe":1,"minecraft:air":530,"create:water_wheel":1,"minecraft:charcoal":5,"minecraft:shield":1,"minecraft:stick":21,"minecraft:iron_pickaxe":1,"minecraft:iron_ingot":18,"minecraft:stone_pickaxe":1,"minecraft:chest":1,"minecraft:iron_shovel":1,"create:shaft":3,"minecraft:andesite":77,"minecraft:torch":8,"create:windmill_bearing":1},"minecraft:custom":{"minecraft:interact_with_furnace":16,"minecraft:mob_kills":21,"minecraft:interact_with_crafting_table":24,"minecraft:open_barrel":3,"minecraft:eat_cake_slice":3,"minecraft:leave_game":1,"minecraft:time_since_death":36881,"minecraft:sleep_in_bed":10,"minecraft:climb_one_cm":12773,"minecraft:time_since_rest":4242,"minecraft:sprint_one_cm":433580,"minecraft:damage_taken":2360,"minecraft:walk_one_cm":226144,"minecraft:damage_blocked_by_shield":1270,"minecraft:drop":30,"minecraft:damage_dealt":2818,"minecraft:swim_one_cm":18339,"minecraft:talked_to_villager":4,"minecraft:fly_one_cm":489715,"minecraft:open_chest":32,"minecraft:crouch_one_cm":5222,"minecraft:play_time":142510,"minecraft:deaths":3,"minecraft:sneak_time":1834,"minecraft:walk_under_water_one_cm":8271,"minecraft:boat_one_cm":24457,"minecraft:jump":2592,"minecraft:interact_with_blast_furnace":8,"minecraft:walk_on_water_one_cm":10424,"minecraft:total_world_time":142510,"minecraft:interact_with_smoker":1,"minecraft:fall_one_cm":88787},"minecraft:killed":{"minecraft:pig":7,"minecraft:spider":1,"minecraft:wandering_trader":1,"minecraft:skeleton":3,"alexsmobs:crocodile":1,"minecraft:zombie":3,"alexsmobs:bison":1,"minecraft:cow":4},"minecraft:killed_by":{"alexsmobs:grizzly_bear":1}},"DataVersion":3465}