{"stats":{"minecraft:used":{"minecraft:iron_sword":15,"biomesoplenty:lavender":4,"minecraft:stone_axe":1,"minecraft:dirt":4,"minecraft:cobblestone":1,"minecraft:hay_block":2,"minecraft:crafting_table":1,"minecraft:carrot":9,"alexsmobs:animal_dictionary":1,"minecraft:potato":3},"minecraft:dropped":{"minecraft:wheat_seeds":1},"minecraft:picked_up":{"minecraft:book":18,"biomesoplenty:lavender":4,"minecraft:crafting_table":1,"minecraft:pumpkin":2,"minecraft:potato":6,"minecraft:oak_log":5,"minecraft:magenta_bed":2,"minecraft:carrot":15,"minecraft:dirt":4,"minecraft:string":2,"minecraft:wheat_seeds":1,"minecraft:hay_block":8,"minecraft:painting":1,"minecraft:spruce_sign":4,"minecraft:melon_slice":20},"minecraft:mined":{"minecraft:hay_block":8,"minecraft:carrots":4,"minecraft:magenta_bed":2,"biomesoplenty:lavender":5,"minecraft:pumpkin":2,"minecraft:crafting_table":1,"minecraft:grass":3,"minecraft:grass_block":1,"minecraft:bookshelf":6,"minecraft:potatoes":2,"minecraft:oak_log":5,"minecraft:melon":3,"minecraft:dirt":3,"minecraft:cobweb":2},"minecraft:crafted":{"minecraft:oak_planks":5,"minecraft:crafting_table":1,"minecraft:stick":2,"minecraft:stone_axe":1,"minecraft:air":29},"minecraft:custom":{"minecraft:time_since_rest":33966,"minecraft:sprint_one_cm":33747,"minecraft:damage_taken":135,"minecraft:walk_one_cm":52782,"minecraft:drop":1,"minecraft:damage_dealt":168,"minecraft:interact_with_crafting_table":2,"minecraft:fly_one_cm":52837,"minecraft:open_barrel":2,"minecraft:open_chest":5,"minecraft:crouch_one_cm":2875,"minecraft:play_time":33966,"minecraft:sneak_time":883,"minecraft:walk_under_water_one_cm":1301,"minecraft:jump":337,"minecraft:time_since_death":33966,"minecraft:leave_game":1,"minecraft:walk_on_water_one_cm":1647,"minecraft:total_world_time":33966,"minecraft:climb_one_cm":299,"minecraft:fall_one_cm":3513}},"DataVersion":3465}