{"stats":{"minecraft:dropped":{"minecraft:stone_axe":1,"minecraft:wheat_seeds":1,"minecraft:iron_nugget":4,"minecraft:bowl":1,"minecraft:flint":2,"minecraft:charcoal":5,"minecraft:gold_nugget":2},"minecraft:used":{"minecraft:water_bucket":14,"minecraft:iron_sword":26,"biomesoplenty:lavender":4,"minecraft:spruce_sign":4,"minecraft:cooked_chicken":3,"minecraft:white_wool":2,"minecraft:torch":3,"minecraft:dirt":4,"minecraft:crafting_table":2,"minecraft:magenta_bed":2,"minecraft:mushroom_stew":1,"minecraft:chainmail_chestplate":1,"minecraft:carrot":14,"minecraft:iron_axe":9,"minecraft:melon_slice":12,"minecraft:iron_pickaxe":44,"minecraft:stone_axe":21,"minecraft:cobblestone":2,"minecraft:hay_block":2,"minecraft:white_banner":1,"minecraft:bucket":14,"alexsmobs:animal_dictionary":1,"minecraft:potato":3,"minecraft:cobweb":2},"minecraft:picked_up":{"biomesoplenty:lavender":4,"minecraft:crafting_table":1,"minecraft:brown_mushroom":1,"minecraft:potato":6,"valhelsia_structures:brown_sleeping_bag":1,"minecraft:oak_log":18,"minecraft:magenta_bed":3,"minecraft:dirt":4,"minecraft:string":4,"minecraft:white_banner":2,"minecraft:wheat_seeds":1,"minecraft:melon_slice":20,"minecraft:sugar_cane":12,"valhelsia_structures:light_gray_sleeping_bag":1,"minecraft:book":18,"minecraft:raw_iron":3,"valhelsia_structures:gray_sleeping_bag":1,"minecraft:pumpkin":2,"minecraft:torch":15,"minecraft:carrot":15,"minecraft:stone_axe":1,"minecraft:hay_block":8,"minecraft:painting":1,"minecraft:spruce_sign":4,"minecraft:coal":40,"minecraft:white_wool":2,"minecraft:cobblestone":6},"minecraft:mined":{"valhelsia_structures:light_gray_sleeping_bag":1,"minecraft:brown_mushroom":1,"minecraft:crafting_table":1,"minecraft:torch":1,"minecraft:grass_block":1,"minecraft:oak_wood":4,"minecraft:melon":3,"valhelsia_structures:gray_sleeping_bag":1,"biomesoplenty:flowering_oak_leaves":2,"biomesoplenty:high_grass_plant":12,"minecraft:tall_grass":1,"minecraft:sugar_cane":6,"minecraft:red_mushroom":1,"minecraft:wall_torch":2,"valhelsia_structures:brown_sleeping_bag":1,"minecraft:hay_block":8,"minecraft:carrots":4,"minecraft:iron_ore":3,"minecraft:magenta_bed":3,"biomesoplenty:lavender":5,"minecraft:pumpkin":2,"minecraft:white_wall_banner":2,"minecraft:coal_ore":32,"minecraft:grass":8,"minecraft:bookshelf":6,"minecraft:potatoes":2,"minecraft:oak_log":18,"biomesoplenty:high_grass":5,"minecraft:dirt":3,"minecraft:cobweb":4,"minecraft:stone":8,"minecraft:white_wool":2,"minecraft:oak_leaves":1,"minecraft:fern":1},"minecraft:crafted":{"minecraft:oak_planks":5,"minecraft:crafting_table":1,"minecraft:stone_axe":1,"minecraft:air":29,"minecraft:stick":2,"minecraft:iron_pickaxe":1,"minecraft:torch":17},"minecraft:custom":{"minecraft:mob_kills":5,"minecraft:interact_with_crafting_table":4,"minecraft:open_barrel":17,"minecraft:leave_game":2,"minecraft:time_since_death":6404,"minecraft:sleep_in_bed":2,"minecraft:climb_one_cm":4591,"minecraft:time_since_rest":6430,"minecraft:sprint_one_cm":82359,"minecraft:damage_taken":2350,"minecraft:walk_one_cm":86143,"minecraft:drop":7,"minecraft:damage_dealt":1193,"minecraft:swim_one_cm":1040,"minecraft:fly_one_cm":170079,"minecraft:open_chest":18,"minecraft:crouch_one_cm":10370,"minecraft:play_time":59985,"minecraft:deaths":6,"minecraft:sneak_time":2834,"minecraft:walk_under_water_one_cm":4574,"minecraft:jump":937,"minecraft:walk_on_water_one_cm":4079,"minecraft:total_world_time":59985,"minecraft:fall_one_cm":26494},"minecraft:killed":{"minecraft:skeleton":1,"minecraft:pillager":4},"minecraft:killed_by":{"minecraft:pillager":6}},"DataVersion":3465}