{"stats":{"minecraft:dropped":{"minecraft:wheat_seeds":1,"minecraft:bowl":1},"minecraft:used":{"minecraft:water_bucket":14,"minecraft:iron_sword":15,"biomesoplenty:lavender":4,"minecraft:spruce_sign":4,"minecraft:white_wool":2,"minecraft:cooked_chicken":3,"minecraft:stone_axe":21,"minecraft:dirt":4,"minecraft:cobblestone":2,"minecraft:white_banner":1,"minecraft:hay_block":2,"minecraft:crafting_table":1,"minecraft:magenta_bed":1,"minecraft:mushroom_stew":1,"minecraft:carrot":13,"minecraft:bucket":14,"alexsmobs:animal_dictionary":1,"minecraft:potato":3},"minecraft:picked_up":{"minecraft:book":18,"biomesoplenty:lavender":4,"minecraft:crafting_table":1,"minecraft:pumpkin":2,"minecraft:brown_mushroom":1,"minecraft:potato":6,"minecraft:oak_log":16,"minecraft:magenta_bed":3,"minecraft:carrot":15,"minecraft:string":2,"minecraft:dirt":4,"minecraft:white_banner":2,"minecraft:wheat_seeds":1,"minecraft:hay_block":8,"minecraft:painting":1,"minecraft:spruce_sign":4,"minecraft:melon_slice":20,"minecraft:sugar_cane":12,"minecraft:white_wool":2},"minecraft:mined":{"minecraft:hay_block":8,"minecraft:brown_mushroom":1,"minecraft:carrots":4,"minecraft:magenta_bed":3,"biomesoplenty:lavender":5,"minecraft:pumpkin":2,"minecraft:white_wall_banner":2,"minecraft:crafting_table":1,"minecraft:grass":3,"minecraft:potatoes":2,"minecraft:bookshelf":6,"minecraft:oak_wood":4,"minecraft:grass_block":1,"minecraft:oak_log":16,"biomesoplenty:high_grass":1,"minecraft:melon":3,"biomesoplenty:flowering_oak_leaves":2,"minecraft:dirt":3,"biomesoplenty:high_grass_plant":1,"minecraft:cobweb":2,"minecraft:red_mushroom":1,"minecraft:sugar_cane":6,"minecraft:white_wool":2,"minecraft:oak_leaves":1},"minecraft:crafted":{"minecraft:oak_planks":5,"minecraft:crafting_table":1,"minecraft:stick":2,"minecraft:stone_axe":1,"minecraft:air":29},"minecraft:custom":{"minecraft:time_since_rest":6261,"minecraft:sprint_one_cm":58941,"minecraft:damage_taken":275,"minecraft:walk_one_cm":63313,"minecraft:drop":2,"minecraft:damage_dealt":168,"minecraft:swim_one_cm":1040,"minecraft:interact_with_crafting_table":2,"minecraft:fly_one_cm":117291,"minecraft:open_barrel":5,"minecraft:open_chest":11,"minecraft:crouch_one_cm":3789,"minecraft:play_time":47985,"minecraft:sneak_time":1359,"minecraft:walk_under_water_one_cm":4574,"minecraft:jump":693,"minecraft:leave_game":2,"minecraft:walk_on_water_one_cm":4079,"minecraft:time_since_death":47985,"minecraft:sleep_in_bed":1,"minecraft:climb_one_cm":2365,"minecraft:total_world_time":47985,"minecraft:fall_one_cm":13049}},"DataVersion":3465}