{"stats":{"minecraft:broken":{"minecraft:iron_pickaxe":1},"minecraft:used":{"minecraft:chest":1,"minecraft:shield":7,"minecraft:iron_sword":59,"minecraft:cooked_chicken":3,"minecraft:torch":36,"minecraft:dirt":19,"minecraft:mutton":2,"minecraft:chainmail_chestplate":1,"minecraft:carrot":14,"minecraft:iron_axe":22,"minecraft:iron_boots":1,"minecraft:beef":8,"minecraft:hay_block":2,"minecraft:furnace":4,"minecraft:potato":8,"minecraft:iron_leggings":1,"minecraft:water_bucket":35,"minecraft:oak_planks":9,"biomesoplenty:lavender":7,"minecraft:spruce_sign":4,"minecraft:white_wool":3,"minecraft:crafting_table":6,"minecraft:magenta_bed":3,"minecraft:mushroom_stew":1,"sophisticatedbackpacks:backpack":1,"minecraft:melon_slice":20,"minecraft:bread":19,"minecraft:iron_pickaxe":254,"minecraft:stone_axe":21,"minecraft:cobblestone":48,"minecraft:white_banner":1,"minecraft:bucket":35,"alexsmobs:animal_dictionary":1,"minecraft:cobweb":2},"minecraft:dropped":{"minecraft:wheat_seeds":3,"minecraft:iron_helmet":1,"minecraft:cobblestone":32,"minecraft:lead":1,"minecraft:flint":2,"minecraft:diorite":1,"minecraft:torch":3,"minecraft:gold_nugget":2,"minecraft:white_wool":4,"minecraft:stone_axe":1,"minecraft:iron_nugget":4,"minecraft:cobbled_deepslate":3,"minecraft:bowl":1,"minecraft:iron_boots":1,"minecraft:chainmail_chestplate":1,"minecraft:charcoal":5,"minecraft:andesite":26,"minecraft:beef":2},"minecraft:picked_up":{"minecraft:crafting_table":5,"minecraft:smithing_table":1,"minecraft:brown_mushroom":1,"valhelsia_structures:brown_sleeping_bag":1,"minecraft:string":4,"minecraft:cracked_stone_bricks":1,"minecraft:cobbled_deepslate":3,"minecraft:beef":11,"valhelsia_structures:light_gray_sleeping_bag":1,"minecraft:melon_slice":20,"minecraft:sugar_cane":12,"minecraft:chest":2,"minecraft:iron_boots":1,"minecraft:furnace":4,"minecraft:raw_iron":36,"valhelsia_structures:gray_sleeping_bag":1,"minecraft:torch":20,"sophisticatedbackpacks:backpack":1,"minecraft:diorite":1,"minecraft:carrot":22,"minecraft:hay_block":8,"minecraft:mutton":2,"minecraft:cobblestone":94,"minecraft:white_wool":3,"biomesoplenty:lavender":7,"minecraft:andesite":26,"minecraft:leather":10,"minecraft:potato":6,"minecraft:oak_log":18,"minecraft:magenta_bed":4,"minecraft:dirt":20,"minecraft:white_banner":2,"minecraft:bone":1,"minecraft:stone_bricks":1,"minecraft:wheat_seeds":4,"minecraft:raw_gold":4,"minecraft:oak_planks":1,"minecraft:book":18,"minecraft:pumpkin":2,"minecraft:blast_furnace":2,"minecraft:stone_axe":1,"minecraft:iron_helmet":1,"minecraft:painting":1,"minecraft:spruce_sign":4,"minecraft:coal":188},"minecraft:mined":{"valhelsia_structures:light_gray_sleeping_bag":1,"biomesoplenty:bush":1,"minecraft:grass_block":4,"valhelsia_structures:gray_sleeping_bag":1,"biomesoplenty:flowering_oak_leaves":2,"minecraft:red_mushroom":1,"valhelsia_structures:brown_sleeping_bag":1,"minecraft:hay_block":8,"minecraft:furnace":4,"minecraft:carrots":4,"minecraft:iron_ore":22,"biomesoplenty:lavender":11,"minecraft:andesite":22,"minecraft:pumpkin":2,"minecraft:potatoes":2,"minecraft:bookshelf":6,"biomesoplenty:high_grass":7,"minecraft:deepslate_iron_ore":14,"minecraft:stone":66,"sophisticatedbackpacks:backpack":1,"minecraft:white_wool":2,"minecraft:smithing_table":1,"minecraft:podzol":7,"minecraft:brown_mushroom":1,"minecraft:crafting_table":5,"minecraft:torch":2,"minecraft:blast_furnace":2,"minecraft:oak_wood":4,"minecraft:melon":3,"minecraft:chest":1,"biomesoplenty:high_grass_plant":14,"minecraft:tall_grass":3,"minecraft:cobblestone":1,"biomesoplenty:sprout":1,"minecraft:deepslate_gold_ore":4,"minecraft:oak_planks":1,"minecraft:sugar_cane":6,"minecraft:diorite":7,"minecraft:wall_torch":2,"minecraft:magenta_bed":4,"minecraft:white_wall_banner":2,"minecraft:grass":18,"biomesoplenty:clover":7,"minecraft:oak_log":18,"minecraft:coal_ore":67,"minecraft:dirt":9,"minecraft:cobweb":4,"minecraft:cracked_stone_bricks":2,"minecraft:stone_bricks":3,"minecraft:oak_leaves":1,"minecraft:deepslate":38,"minecraft:fern":2},"minecraft:crafted":{"minecraft:oak_planks":16,"minecraft:furnace":2,"minecraft:iron_boots":1,"minecraft:chest":1,"minecraft:wheat":6,"sophisticatedbackpacks:backpack":1,"minecraft:crafting_table":3,"minecraft:iron_helmet":1,"minecraft:stone_axe":1,"minecraft:air":185,"minecraft:bread":18,"minecraft:shield":1,"minecraft:stick":6,"minecraft:iron_ingot":36,"minecraft:iron_pickaxe":2,"minecraft:iron_leggings":1,"minecraft:gold_ingot":4,"minecraft:torch":22},"minecraft:custom":{"minecraft:mob_kills":21,"minecraft:interact_with_crafting_table":16,"minecraft:open_barrel":18,"minecraft:leave_game":2,"minecraft:time_since_death":32351,"minecraft:climb_one_cm":6352,"minecraft:sprint_one_cm":217607,"minecraft:walk_one_cm":147035,"minecraft:damage_blocked_by_shield":400,"minecraft:drop":26,"minecraft:damage_dealt_absorbed":81,"minecraft:play_time":119985,"minecraft:deaths":7,"minecraft:sneak_time":10665,"minecraft:walk_under_water_one_cm":7774,"minecraft:jump":2790,"minecraft:walk_on_water_one_cm":12400,"minecraft:total_world_time":119985,"minecraft:interact_with_furnace":34,"minecraft:sleep_in_bed":2,"minecraft:time_since_rest":32378,"minecraft:damage_taken":3582,"minecraft:damage_dealt":3665,"minecraft:swim_one_cm":19931,"minecraft:fly_one_cm":481855,"minecraft:open_chest":31,"minecraft:crouch_one_cm":34239,"minecraft:fall_one_cm":81857},"minecraft:killed":{"minecraft:skeleton":5,"minecraft:sheep":1,"minecraft:pillager":5,"minecraft:cow":9},"minecraft:killed_by":{"minecraft:pillager":7}},"DataVersion":3465}