{"stats":{"minecraft:dropped":{"minecraft:stone_axe":1,"minecraft:wheat_seeds":3,"minecraft:iron_nugget":4,"minecraft:cobbled_deepslate":3,"minecraft:bowl":1,"minecraft:iron_helmet":1,"minecraft:cobblestone":32,"minecraft:lead":1,"minecraft:iron_boots":1,"minecraft:chainmail_chestplate":1,"minecraft:flint":2,"minecraft:diorite":1,"minecraft:torch":3,"minecraft:charcoal":5,"minecraft:andesite":26,"minecraft:gold_nugget":2,"minecraft:beef":2,"minecraft:white_wool":4},"minecraft:used":{"minecraft:water_bucket":24,"minecraft:oak_planks":6,"minecraft:chest":1,"minecraft:shield":7,"minecraft:iron_sword":57,"biomesoplenty:lavender":7,"minecraft:spruce_sign":4,"minecraft:cooked_chicken":3,"minecraft:white_wool":3,"minecraft:torch":36,"minecraft:dirt":19,"minecraft:mutton":2,"minecraft:crafting_table":5,"minecraft:magenta_bed":3,"minecraft:mushroom_stew":1,"minecraft:chainmail_chestplate":1,"minecraft:carrot":14,"sophisticatedbackpacks:backpack":1,"minecraft:iron_axe":17,"minecraft:bread":9,"minecraft:melon_slice":20,"minecraft:iron_pickaxe":246,"minecraft:iron_boots":1,"minecraft:stone_axe":21,"minecraft:cobblestone":48,"minecraft:beef":8,"minecraft:hay_block":2,"minecraft:furnace":4,"minecraft:white_banner":1,"minecraft:bucket":24,"alexsmobs:animal_dictionary":1,"minecraft:potato":8,"minecraft:iron_leggings":1,"minecraft:cobweb":2},"minecraft:picked_up":{"biomesoplenty:lavender":7,"minecraft:crafting_table":2,"minecraft:andesite":26,"minecraft:leather":10,"minecraft:brown_mushroom":1,"minecraft:potato":6,"valhelsia_structures:brown_sleeping_bag":1,"minecraft:oak_log":18,"minecraft:magenta_bed":4,"minecraft:dirt":19,"minecraft:string":4,"minecraft:white_banner":2,"minecraft:bone":1,"minecraft:wheat_seeds":3,"minecraft:cobbled_deepslate":3,"minecraft:raw_gold":4,"minecraft:beef":11,"minecraft:chest":2,"minecraft:melon_slice":20,"minecraft:sugar_cane":12,"valhelsia_structures:light_gray_sleeping_bag":1,"minecraft:iron_boots":1,"minecraft:furnace":4,"minecraft:book":18,"minecraft:raw_iron":36,"valhelsia_structures:gray_sleeping_bag":1,"minecraft:pumpkin":2,"minecraft:torch":20,"sophisticatedbackpacks:backpack":1,"minecraft:diorite":1,"minecraft:carrot":22,"minecraft:stone_axe":1,"minecraft:iron_helmet":1,"minecraft:hay_block":8,"minecraft:painting":1,"minecraft:spruce_sign":4,"minecraft:mutton":2,"minecraft:coal":188,"minecraft:white_wool":3,"minecraft:cobblestone":94},"minecraft:mined":{"minecraft:podzol":7,"valhelsia_structures:light_gray_sleeping_bag":1,"minecraft:brown_mushroom":1,"minecraft:crafting_table":2,"minecraft:torch":2,"biomesoplenty:bush":1,"minecraft:grass_block":3,"minecraft:oak_wood":4,"minecraft:melon":3,"minecraft:chest":1,"valhelsia_structures:gray_sleeping_bag":1,"biomesoplenty:flowering_oak_leaves":2,"biomesoplenty:high_grass_plant":14,"minecraft:tall_grass":3,"biomesoplenty:sprout":1,"minecraft:deepslate_gold_ore":4,"minecraft:sugar_cane":6,"minecraft:red_mushroom":1,"minecraft:diorite":7,"minecraft:wall_torch":2,"valhelsia_structures:brown_sleeping_bag":1,"minecraft:hay_block":8,"minecraft:furnace":4,"minecraft:carrots":4,"minecraft:iron_ore":22,"minecraft:magenta_bed":4,"biomesoplenty:lavender":11,"minecraft:andesite":22,"minecraft:pumpkin":2,"minecraft:white_wall_banner":2,"biomesoplenty:clover":7,"minecraft:coal_ore":67,"minecraft:grass":14,"minecraft:bookshelf":6,"minecraft:potatoes":2,"minecraft:oak_log":18,"biomesoplenty:high_grass":7,"minecraft:deepslate_iron_ore":14,"minecraft:dirt":9,"minecraft:cobweb":4,"sophisticatedbackpacks:backpack":1,"minecraft:stone":66,"minecraft:white_wool":2,"minecraft:oak_leaves":1,"minecraft:deepslate":38,"minecraft:fern":2},"minecraft:crafted":{"minecraft:oak_planks":16,"sophisticatedbackpacks:backpack":1,"minecraft:crafting_table":3,"minecraft:iron_helmet":1,"minecraft:furnace":2,"minecraft:stone_axe":1,"minecraft:bread":18,"minecraft:air":185,"minecraft:iron_boots":1,"minecraft:shield":1,"minecraft:stick":6,"minecraft:iron_ingot":36,"minecraft:iron_pickaxe":1,"minecraft:chest":1,"minecraft:gold_ingot":4,"minecraft:iron_leggings":1,"minecraft:torch":22,"minecraft:wheat":6},"minecraft:custom":{"minecraft:interact_with_furnace":32,"minecraft:mob_kills":21,"minecraft:interact_with_crafting_table":13,"minecraft:open_barrel":17,"minecraft:leave_game":2,"minecraft:time_since_death":20351,"minecraft:sleep_in_bed":2,"minecraft:climb_one_cm":5081,"minecraft:time_since_rest":20378,"minecraft:sprint_one_cm":168101,"minecraft:damage_taken":3227,"minecraft:walk_one_cm":134508,"minecraft:damage_blocked_by_shield":400,"minecraft:drop":26,"minecraft:damage_dealt":3665,"minecraft:damage_dealt_absorbed":81,"minecraft:swim_one_cm":12635,"minecraft:fly_one_cm":381741,"minecraft:open_chest":21,"minecraft:crouch_one_cm":33669,"minecraft:play_time":107985,"minecraft:deaths":7,"minecraft:sneak_time":10461,"minecraft:walk_under_water_one_cm":6895,"minecraft:jump":2305,"minecraft:walk_on_water_one_cm":10137,"minecraft:total_world_time":107985,"minecraft:fall_one_cm":62498},"minecraft:killed":{"minecraft:sheep":1,"minecraft:skeleton":5,"minecraft:pillager":5,"minecraft:cow":9},"minecraft:killed_by":{"minecraft:pillager":7}},"DataVersion":3465}