{"stats":{"minecraft:dropped":{"minecraft:stone_axe":1,"minecraft:wheat_seeds":1,"minecraft:iron_nugget":4,"minecraft:bowl":1,"minecraft:iron_helmet":1,"minecraft:cobblestone":28,"minecraft:iron_boots":1,"minecraft:chainmail_chestplate":1,"minecraft:flint":2,"minecraft:diorite":1,"minecraft:torch":3,"minecraft:charcoal":5,"minecraft:andesite":26,"minecraft:gold_nugget":2},"minecraft:used":{"minecraft:water_bucket":23,"minecraft:shield":6,"minecraft:iron_sword":53,"biomesoplenty:lavender":4,"minecraft:spruce_sign":4,"minecraft:cooked_chicken":3,"minecraft:white_wool":2,"minecraft:torch":36,"minecraft:dirt":4,"minecraft:crafting_table":3,"minecraft:magenta_bed":3,"minecraft:mushroom_stew":1,"minecraft:chainmail_chestplate":1,"minecraft:carrot":14,"minecraft:iron_axe":9,"minecraft:bread":6,"minecraft:melon_slice":20,"minecraft:iron_pickaxe":246,"minecraft:iron_boots":1,"minecraft:stone_axe":21,"minecraft:cobblestone":48,"minecraft:hay_block":2,"minecraft:furnace":4,"minecraft:white_banner":1,"minecraft:bucket":23,"alexsmobs:animal_dictionary":1,"minecraft:potato":8,"minecraft:iron_leggings":1,"minecraft:cobweb":2},"minecraft:picked_up":{"biomesoplenty:lavender":4,"minecraft:crafting_table":1,"minecraft:andesite":26,"minecraft:brown_mushroom":1,"minecraft:potato":6,"valhelsia_structures:brown_sleeping_bag":1,"minecraft:oak_log":18,"minecraft:magenta_bed":4,"minecraft:dirt":4,"minecraft:string":4,"minecraft:white_banner":2,"minecraft:bone":1,"minecraft:wheat_seeds":1,"minecraft:cobbled_deepslate":3,"minecraft:raw_gold":4,"minecraft:melon_slice":20,"minecraft:sugar_cane":12,"valhelsia_structures:light_gray_sleeping_bag":1,"minecraft:iron_boots":1,"minecraft:furnace":4,"minecraft:book":18,"minecraft:raw_iron":36,"valhelsia_structures:gray_sleeping_bag":1,"minecraft:pumpkin":2,"minecraft:torch":20,"minecraft:diorite":1,"minecraft:carrot":22,"minecraft:stone_axe":1,"minecraft:iron_helmet":1,"minecraft:hay_block":8,"minecraft:painting":1,"minecraft:spruce_sign":4,"minecraft:coal":188,"minecraft:white_wool":2,"minecraft:cobblestone":92},"minecraft:mined":{"valhelsia_structures:light_gray_sleeping_bag":1,"minecraft:brown_mushroom":1,"minecraft:crafting_table":1,"minecraft:torch":2,"minecraft:grass_block":1,"minecraft:oak_wood":4,"minecraft:melon":3,"valhelsia_structures:gray_sleeping_bag":1,"biomesoplenty:flowering_oak_leaves":2,"biomesoplenty:high_grass_plant":12,"minecraft:tall_grass":1,"minecraft:deepslate_gold_ore":4,"minecraft:sugar_cane":6,"minecraft:red_mushroom":1,"minecraft:diorite":7,"minecraft:wall_torch":2,"valhelsia_structures:brown_sleeping_bag":1,"minecraft:hay_block":8,"minecraft:furnace":4,"minecraft:carrots":4,"minecraft:iron_ore":22,"minecraft:magenta_bed":4,"biomesoplenty:lavender":5,"minecraft:andesite":22,"minecraft:pumpkin":2,"minecraft:white_wall_banner":2,"minecraft:coal_ore":67,"minecraft:grass":8,"minecraft:bookshelf":6,"minecraft:potatoes":2,"minecraft:oak_log":18,"biomesoplenty:high_grass":5,"minecraft:deepslate_iron_ore":14,"minecraft:dirt":3,"minecraft:cobweb":4,"minecraft:stone":66,"minecraft:white_wool":2,"minecraft:oak_leaves":1,"minecraft:deepslate":38,"minecraft:fern":1},"minecraft:crafted":{"minecraft:oak_planks":16,"minecraft:crafting_table":2,"minecraft:iron_helmet":1,"minecraft:furnace":2,"minecraft:stone_axe":1,"minecraft:bread":18,"minecraft:air":184,"minecraft:iron_boots":1,"minecraft:shield":1,"minecraft:stick":6,"minecraft:iron_ingot":36,"minecraft:iron_pickaxe":1,"minecraft:gold_ingot":4,"minecraft:iron_leggings":1,"minecraft:torch":22,"minecraft:wheat":6},"minecraft:custom":{"minecraft:interact_with_furnace":32,"minecraft:mob_kills":11,"minecraft:interact_with_crafting_table":10,"minecraft:open_barrel":17,"minecraft:leave_game":2,"minecraft:time_since_death":30404,"minecraft:sleep_in_bed":2,"minecraft:climb_one_cm":4792,"minecraft:time_since_rest":30430,"minecraft:sprint_one_cm":111277,"minecraft:damage_taken":2745,"minecraft:walk_one_cm":116531,"minecraft:damage_blocked_by_shield":290,"minecraft:drop":17,"minecraft:damage_dealt":2415,"minecraft:damage_dealt_absorbed":81,"minecraft:swim_one_cm":4100,"minecraft:fly_one_cm":223765,"minecraft:open_chest":20,"minecraft:crouch_one_cm":32978,"minecraft:play_time":83985,"minecraft:deaths":6,"minecraft:sneak_time":10139,"minecraft:walk_under_water_one_cm":6402,"minecraft:jump":1413,"minecraft:walk_on_water_one_cm":8395,"minecraft:total_world_time":83985,"minecraft:fall_one_cm":39394},"minecraft:killed":{"minecraft:skeleton":5,"minecraft:pillager":5},"minecraft:killed_by":{"minecraft:pillager":6}},"DataVersion":3465}