{"stats":{"minecraft:dropped":{"minecraft:stone_axe":1,"minecraft:wheat_seeds":1,"minecraft:iron_nugget":4,"minecraft:bowl":1,"minecraft:cobblestone":28,"minecraft:iron_boots":1,"minecraft:chainmail_chestplate":1,"minecraft:flint":2,"minecraft:torch":3,"minecraft:charcoal":5,"minecraft:gold_nugget":2},"minecraft:used":{"minecraft:water_bucket":17,"minecraft:shield":3,"minecraft:iron_sword":41,"biomesoplenty:lavender":4,"minecraft:spruce_sign":4,"minecraft:cooked_chicken":3,"minecraft:white_wool":2,"minecraft:torch":31,"minecraft:dirt":4,"minecraft:crafting_table":3,"minecraft:magenta_bed":2,"minecraft:mushroom_stew":1,"minecraft:chainmail_chestplate":1,"minecraft:carrot":14,"minecraft:iron_axe":9,"minecraft:bread":2,"minecraft:melon_slice":20,"minecraft:iron_pickaxe":185,"minecraft:iron_boots":1,"minecraft:stone_axe":21,"minecraft:cobblestone":11,"minecraft:hay_block":2,"minecraft:furnace":2,"minecraft:white_banner":1,"minecraft:bucket":17,"alexsmobs:animal_dictionary":1,"minecraft:potato":8,"minecraft:iron_leggings":1,"minecraft:cobweb":2},"minecraft:picked_up":{"biomesoplenty:lavender":4,"minecraft:crafting_table":1,"minecraft:brown_mushroom":1,"minecraft:potato":6,"valhelsia_structures:brown_sleeping_bag":1,"minecraft:oak_log":18,"minecraft:magenta_bed":3,"minecraft:dirt":4,"minecraft:string":4,"minecraft:white_banner":2,"minecraft:bone":1,"minecraft:wheat_seeds":1,"minecraft:melon_slice":20,"minecraft:sugar_cane":12,"valhelsia_structures:light_gray_sleeping_bag":1,"minecraft:iron_boots":1,"minecraft:furnace":2,"minecraft:book":18,"minecraft:raw_iron":23,"valhelsia_structures:gray_sleeping_bag":1,"minecraft:pumpkin":2,"minecraft:torch":19,"minecraft:carrot":22,"minecraft:stone_axe":1,"minecraft:hay_block":8,"minecraft:painting":1,"minecraft:spruce_sign":4,"minecraft:coal":136,"minecraft:white_wool":2,"minecraft:cobblestone":88},"minecraft:mined":{"valhelsia_structures:light_gray_sleeping_bag":1,"minecraft:brown_mushroom":1,"minecraft:crafting_table":1,"minecraft:torch":2,"minecraft:grass_block":1,"minecraft:oak_wood":4,"minecraft:melon":3,"valhelsia_structures:gray_sleeping_bag":1,"biomesoplenty:flowering_oak_leaves":2,"biomesoplenty:high_grass_plant":12,"minecraft:tall_grass":1,"minecraft:sugar_cane":6,"minecraft:red_mushroom":1,"minecraft:diorite":6,"minecraft:wall_torch":2,"valhelsia_structures:brown_sleeping_bag":1,"minecraft:hay_block":8,"minecraft:furnace":2,"minecraft:carrots":4,"minecraft:iron_ore":22,"minecraft:magenta_bed":3,"biomesoplenty:lavender":5,"minecraft:andesite":3,"minecraft:pumpkin":2,"minecraft:white_wall_banner":2,"minecraft:coal_ore":67,"minecraft:grass":8,"minecraft:bookshelf":6,"minecraft:potatoes":2,"minecraft:oak_log":18,"biomesoplenty:high_grass":5,"minecraft:deepslate_iron_ore":1,"minecraft:dirt":3,"minecraft:cobweb":4,"minecraft:stone":62,"minecraft:white_wool":2,"minecraft:oak_leaves":1,"minecraft:deepslate":20,"minecraft:fern":1},"minecraft:crafted":{"minecraft:oak_planks":16,"minecraft:crafting_table":2,"minecraft:furnace":2,"minecraft:stone_axe":1,"minecraft:bread":18,"minecraft:air":184,"minecraft:iron_boots":1,"minecraft:shield":1,"minecraft:stick":6,"minecraft:iron_ingot":14,"minecraft:iron_pickaxe":1,"minecraft:iron_leggings":1,"minecraft:torch":22,"minecraft:wheat":6},"minecraft:custom":{"minecraft:interact_with_furnace":10,"minecraft:mob_kills":9,"minecraft:interact_with_crafting_table":9,"minecraft:open_barrel":17,"minecraft:leave_game":2,"minecraft:time_since_death":18404,"minecraft:sleep_in_bed":2,"minecraft:climb_one_cm":4792,"minecraft:time_since_rest":18430,"minecraft:sprint_one_cm":100476,"minecraft:damage_taken":2548,"minecraft:walk_one_cm":105911,"minecraft:damage_blocked_by_shield":130,"minecraft:drop":13,"minecraft:damage_dealt":2000,"minecraft:swim_one_cm":1040,"minecraft:fly_one_cm":189179,"minecraft:open_chest":20,"minecraft:crouch_one_cm":24454,"minecraft:play_time":71985,"minecraft:deaths":6,"minecraft:sneak_time":6695,"minecraft:walk_under_water_one_cm":4693,"minecraft:jump":1102,"minecraft:walk_on_water_one_cm":4935,"minecraft:total_world_time":71985,"minecraft:fall_one_cm":31821},"minecraft:killed":{"minecraft:skeleton":4,"minecraft:pillager":5},"minecraft:killed_by":{"minecraft:pillager":6}},"DataVersion":3465}