{"stats":{"minecraft:killed":{"minecraft:creeper":1,"minecraft:skeleton":1,"minecraft:sheep":2,"minecraft:horse":3,"minecraft:zombie":1},"minecraft:mined":{"minecraft:crafting_table":4,"minecraft:grass_block":1,"minecraft:chest":1,"minecraft:tall_grass":9,"minecraft:cobblestone":1,"minecraft:deepslate_gold_ore":8,"minecraft:sugar_cane":6,"minecraft:smooth_stone":1,"minecraft:furnace":2,"minecraft:iron_ore":8,"minecraft:wheat":6,"minecraft:yellow_bed":5,"minecraft:grass":21,"minecraft:oak_log":16,"minecraft:coal_ore":16,"minecraft:deepslate_iron_ore":8,"minecraft:water_cauldron":1,"minecraft:rail":1,"minecraft:dirt":2,"minecraft:stone":45,"minecraft:oak_leaves":2,"minecraft:deepslate":2},"minecraft:used":{"minecraft:wheat_seeds":6,"minecraft:cooked_mutton":2,"minecraft:stone_sword":33,"minecraft:stone_pickaxe":71,"minecraft:wooden_pickaxe":3,"minecraft:shield":1,"minecraft:torch":4,"minecraft:glow_berries":13,"minecraft:dirt":2,"minecraft:crafting_table":5,"minecraft:bread":2,"minecraft:iron_pickaxe":19,"minecraft:cobblestone":24,"minecraft:furnace":3,"minecraft:yellow_bed":4,"minecraft:egg":1,"minecraft:cobbled_deepslate":1},"minecraft:picked_up":{"minecraft:crafting_table":4,"minecraft:wheat":6,"minecraft:leather":3,"minecraft:oak_log":16,"minecraft:yellow_bed":5,"minecraft:gunpowder":2,"minecraft:dirt":3,"minecraft:wheat_seeds":21,"minecraft:smooth_stone":1,"minecraft:cobbled_deepslate":2,"minecraft:raw_gold":8,"minecraft:sugar_cane":15,"minecraft:chest":1,"minecraft:egg":1,"minecraft:furnace":2,"minecraft:raw_iron":16,"minecraft:cauldron":1,"minecraft:rotten_flesh":1,"minecraft:mutton":3,"minecraft:coal":33,"minecraft:white_wool":2,"minecraft:cobblestone":46},"minecraft:crafted":{"minecraft:oak_planks":44,"minecraft:crafting_table":1,"minecraft:wooden_pickaxe":1,"minecraft:furnace":1,"minecraft:bread":2,"minecraft:cooked_mutton":3,"minecraft:air":0,"minecraft:shield":1,"minecraft:stick":8,"minecraft:iron_ingot":7,"minecraft:iron_pickaxe":1,"minecraft:stone_pickaxe":1,"minecraft:stone_sword":1,"minecraft:torch":4},"minecraft:custom":{"minecraft:interact_with_furnace":8,"minecraft:mob_kills":9,"minecraft:interact_with_crafting_table":12,"minecraft:time_since_death":35378,"minecraft:sleep_in_bed":2,"minecraft:time_since_rest":17347,"minecraft:sprint_one_cm":81616,"minecraft:damage_taken":180,"minecraft:walk_one_cm":111939,"minecraft:damage_blocked_by_shield":40,"minecraft:damage_dealt":1689,"minecraft:talked_to_villager":1,"minecraft:swim_one_cm":5978,"minecraft:fly_one_cm":127540,"minecraft:open_chest":1,"minecraft:crouch_one_cm":4259,"minecraft:play_time":35378,"minecraft:sneak_time":1917,"minecraft:walk_under_water_one_cm":1726,"minecraft:jump":677,"minecraft:walk_on_water_one_cm":3995,"minecraft:total_world_time":35378,"minecraft:fall_one_cm":17880}},"DataVersion":2975}