{"stats":{"minecraft:killed":{"minecraft:horse":2,"minecraft:sheep":2,"minecraft:creeper":1},"minecraft:mined":{"minecraft:smooth_stone":1,"minecraft:furnace":1,"minecraft:iron_ore":6,"minecraft:wheat":6,"minecraft:yellow_bed":3,"minecraft:crafting_table":3,"minecraft:grass":13,"minecraft:coal_ore":10,"minecraft:grass_block":1,"minecraft:oak_log":16,"minecraft:water_cauldron":1,"minecraft:chest":1,"minecraft:dirt":2,"minecraft:tall_grass":8,"minecraft:stone":40,"minecraft:sugar_cane":6,"minecraft:oak_leaves":2},"minecraft:used":{"minecraft:wheat_seeds":6,"minecraft:stone_sword":16,"minecraft:bread":2,"minecraft:stone_pickaxe":57,"minecraft:wooden_pickaxe":3,"minecraft:dirt":2,"minecraft:cobblestone":1,"minecraft:crafting_table":3,"minecraft:furnace":2,"minecraft:yellow_bed":2,"minecraft:egg":1},"minecraft:picked_up":{"minecraft:raw_iron":6,"minecraft:crafting_table":3,"minecraft:wheat":6,"minecraft:leather":2,"minecraft:oak_log":16,"minecraft:yellow_bed":3,"minecraft:gunpowder":2,"minecraft:dirt":3,"minecraft:cauldron":1,"minecraft:wheat_seeds":19,"minecraft:smooth_stone":1,"minecraft:sugar_cane":15,"minecraft:chest":1,"minecraft:mutton":3,"minecraft:coal":19,"minecraft:furnace":1,"minecraft:white_wool":2,"minecraft:cobblestone":40,"minecraft:egg":1},"minecraft:crafted":{"minecraft:oak_planks":44,"minecraft:shield":1,"minecraft:crafting_table":1,"minecraft:stick":8,"minecraft:iron_ingot":6,"minecraft:wooden_pickaxe":1,"minecraft:stone_pickaxe":1,"minecraft:stone_sword":1,"minecraft:furnace":1,"minecraft:air":0,"minecraft:bread":2},"minecraft:custom":{"minecraft:time_since_rest":5347,"minecraft:interact_with_furnace":5,"minecraft:sprint_one_cm":53263,"minecraft:damage_taken":40,"minecraft:walk_one_cm":65663,"minecraft:mob_kills":5,"minecraft:damage_dealt":890,"minecraft:swim_one_cm":5978,"minecraft:fly_one_cm":103620,"minecraft:interact_with_crafting_table":10,"minecraft:talked_to_villager":1,"minecraft:open_chest":1,"minecraft:crouch_one_cm":317,"minecraft:play_time":23378,"minecraft:sneak_time":396,"minecraft:walk_under_water_one_cm":1726,"minecraft:jump":490,"minecraft:walk_on_water_one_cm":3356,"minecraft:time_since_death":23378,"minecraft:sleep_in_bed":2,"minecraft:total_world_time":23378,"minecraft:fall_one_cm":12322}},"DataVersion":2975}