{"stats":{"minecraft:killed":{"minecraft:sheep":2},"minecraft:mined":{"minecraft:smooth_stone":1,"minecraft:yellow_bed":1,"minecraft:crafting_table":1,"minecraft:grass":11,"minecraft:grass_block":1,"minecraft:oak_log":16,"minecraft:water_cauldron":1,"minecraft:chest":1,"minecraft:dirt":1,"minecraft:tall_grass":5,"minecraft:stone":11,"minecraft:oak_leaves":2},"minecraft:used":{"minecraft:stone_pickaxe":10,"minecraft:wooden_pickaxe":3,"minecraft:dirt":2,"minecraft:crafting_table":1},"minecraft:picked_up":{"minecraft:crafting_table":1,"minecraft:oak_log":16,"minecraft:yellow_bed":1,"minecraft:dirt":2,"minecraft:cauldron":1,"minecraft:wheat_seeds":2,"minecraft:smooth_stone":1,"minecraft:chest":1,"minecraft:mutton":3,"minecraft:white_wool":2,"minecraft:cobblestone":11},"minecraft:crafted":{"minecraft:oak_planks":44,"minecraft:crafting_table":1,"minecraft:stick":4,"minecraft:wooden_pickaxe":1,"minecraft:stone_pickaxe":1},"minecraft:custom":{"minecraft:time_since_rest":11378,"minecraft:sprint_one_cm":18376,"minecraft:walk_one_cm":37113,"minecraft:mob_kills":2,"minecraft:damage_dealt":160,"minecraft:fly_one_cm":48515,"minecraft:interact_with_crafting_table":5,"minecraft:talked_to_villager":1,"minecraft:open_chest":1,"minecraft:crouch_one_cm":159,"minecraft:play_time":11378,"minecraft:sneak_time":51,"minecraft:jump":217,"minecraft:time_since_death":11378,"minecraft:total_world_time":11378,"minecraft:fall_one_cm":4625}},"DataVersion":2975}