{"stats":{"minecraft:killed":{"minecraft:cave_spider":1,"minecraft:spider":2,"minecraft:creeper":2,"minecraft:skeleton":3,"minecraft:sheep":2,"minecraft:horse":3,"minecraft:zombie":3},"minecraft:dropped":{"minecraft:spider_eye":1,"minecraft:string":1},"minecraft:mined":{"minecraft:crafting_table":4,"minecraft:grass_block":1,"minecraft:chest":1,"minecraft:tall_grass":9,"minecraft:cobblestone":1,"minecraft:deepslate_gold_ore":8,"minecraft:sugar_cane":6,"minecraft:smooth_stone":1,"minecraft:furnace":2,"minecraft:iron_ore":8,"minecraft:wheat":6,"minecraft:yellow_bed":6,"minecraft:grass":21,"minecraft:oak_log":16,"minecraft:coal_ore":16,"minecraft:deepslate_iron_ore":8,"minecraft:water_cauldron":1,"minecraft:rail":1,"minecraft:dirt":2,"minecraft:stone":45,"minecraft:oak_leaves":2,"minecraft:deepslate":23},"minecraft:used":{"minecraft:wheat_seeds":6,"minecraft:cooked_mutton":3,"minecraft:stone_sword":33,"minecraft:stone_pickaxe":71,"minecraft:wooden_pickaxe":3,"minecraft:shield":7,"minecraft:iron_sword":35,"minecraft:iron_chestplate":1,"minecraft:golden_apple":1,"minecraft:white_wool":1,"minecraft:torch":6,"minecraft:glow_berries":21,"minecraft:dirt":3,"minecraft:crafting_table":5,"minecraft:bread":2,"minecraft:iron_pickaxe":40,"minecraft:cobblestone":33,"minecraft:furnace":3,"minecraft:yellow_bed":5,"minecraft:egg":1,"minecraft:cobbled_deepslate":12},"minecraft:picked_up":{"minecraft:crafting_table":4,"minecraft:wheat":6,"minecraft:leather":3,"minecraft:oak_log":20,"minecraft:yellow_bed":6,"minecraft:gunpowder":3,"minecraft:string":3,"minecraft:dirt":3,"minecraft:bone":2,"minecraft:wheat_seeds":21,"minecraft:smooth_stone":1,"minecraft:cobbled_deepslate":25,"minecraft:raw_gold":8,"minecraft:sugar_cane":15,"minecraft:chest":1,"minecraft:egg":1,"minecraft:furnace":2,"minecraft:raw_iron":16,"minecraft:spider_eye":1,"minecraft:cauldron":1,"minecraft:arrow":4,"minecraft:rotten_flesh":3,"minecraft:mutton":3,"minecraft:coal":33,"minecraft:white_wool":2,"minecraft:cobblestone":46},"minecraft:crafted":{"minecraft:oak_planks":44,"minecraft:crafting_table":1,"minecraft:wooden_pickaxe":1,"minecraft:iron_sword":1,"minecraft:furnace":1,"minecraft:bread":2,"minecraft:cooked_mutton":3,"minecraft:air":0,"minecraft:iron_chestplate":1,"minecraft:shield":1,"minecraft:stick":12,"minecraft:iron_ingot":16,"minecraft:iron_pickaxe":1,"minecraft:stone_pickaxe":1,"minecraft:stone_sword":1,"minecraft:torch":4},"minecraft:custom":{"minecraft:interact_with_furnace":11,"minecraft:mob_kills":17,"minecraft:interact_with_crafting_table":15,"minecraft:leave_game":1,"minecraft:time_since_death":47480,"minecraft:sleep_in_bed":3,"minecraft:time_since_rest":10780,"minecraft:sprint_one_cm":100444,"minecraft:damage_absorbed":32,"minecraft:damage_taken":467,"minecraft:walk_one_cm":166388,"minecraft:damage_blocked_by_shield":220,"minecraft:drop":2,"minecraft:damage_dealt":3536,"minecraft:talked_to_villager":1,"minecraft:swim_one_cm":5978,"minecraft:fly_one_cm":150093,"minecraft:open_chest":1,"minecraft:crouch_one_cm":7218,"minecraft:play_time":47480,"minecraft:sneak_time":2862,"minecraft:walk_under_water_one_cm":4116,"minecraft:jump":883,"minecraft:walk_on_water_one_cm":5954,"minecraft:total_world_time":47480,"minecraft:fall_one_cm":20740}},"DataVersion":2975}