{
  "valhelsia_furniture:recipes/decorations/oak_stool": {
    "criteria": {
      "has_oak_slab": "2024-08-02 23:03:13 +0000"
    },
    "done": true
  },
  "storagedrawers:recipes/storagedrawers/one_stack_upgrade": {
    "criteria": {
      "has_template": "2024-08-02 22:59:16 +0000"
    },
    "done": true
  },
  "create:root": {
    "criteria": {
      "0": "2024-08-02 22:59:16 +0000"
    },
    "done": true
  },
  "valhelsia_furniture:recipes/decorations/black_upholstered_oak_chair": {
    "criteria": {
      "has_oak_planks": "2024-08-02 23:03:09 +0000"
    },
    "done": true
  },
  "valhelsia_furniture:recipes/decorations/oak_table": {
    "criteria": {
      "has_oak_planks": "2024-08-02 23:03:09 +0000"
    },
    "done": true
  },
  "valhelsia_furniture:recipes/decorations/light_blue_upholstered_oak_stool": {
    "criteria": {
      "has_oak_slab": "2024-08-02 23:03:13 +0000"
    },
    "done": true
  },
  "minecraft:recipes/decorations/crafting_table": {
    "criteria": {
      "unlock_right_away": "2024-08-02 22:59:16 +0000"
    },
    "done": true
  },
  "minecraft:recipes/misc/stick": {
    "criteria": {
      "has_planks": "2024-08-02 23:03:09 +0000"
    },
    "done": true
  },
  "storagedrawers:recipes/storagedrawers/illumination_upgrade": {
    "criteria": {
      "has_template": "2024-08-02 22:59:16 +0000"
    },
    "done": true
  },
  "valhelsia_furniture:recipes/decorations/pink_oak_chair": {
    "criteria": {
      "has_oak_planks": "2024-08-02 23:03:09 +0000"
    },
    "done": true
  },
  "valhelsia_furniture:recipes/decorations/yellow_upholstered_oak_chair": {
    "criteria": {
      "has_oak_planks": "2024-08-02 23:03:09 +0000"
    },
    "done": true
  },
  "valhelsia_furniture:recipes/decorations/orange_oak_chair": {
    "criteria": {
      "has_oak_planks": "2024-08-02 23:03:09 +0000"
    },
    "done": true
  },
  "storagedrawers:recipes/storagedrawers/acacia_trim": {
    "criteria": {
      "has_planks": "2024-08-02 22:59:16 +0000"
    },
    "done": true
  },
  "valhelsia_furniture:recipes/decorations/gray_upholstered_oak_stool": {
    "criteria": {
      "has_oak_slab": "2024-08-02 23:03:13 +0000"
    },
    "done": true
  },
  "framedblocks:recipes/building_blocks/framed_cube": {
    "criteria": {
      "hasPlanks": "2024-08-02 23:03:09 +0000"
    },
    "done": true
  },
  "minecraft:recipes/building_blocks/oak_slab": {
    "criteria": {
      "has_planks": "2024-08-02 23:03:09 +0000"
    },
    "done": true
  },
  "valhelsia_furniture:recipes/decorations/brown_upholstered_oak_chair": {
    "criteria": {
      "has_oak_planks": "2024-08-02 23:03:09 +0000"
    },
    "done": true
  },
  "storagedrawers:recipes/storagedrawers/concealment_key": {
    "criteria": {
      "has_template": "2024-08-02 22:59:16 +0000"
    },
    "done": true
  },
  "valhelsia_furniture:recipes/decorations/blue_upholstered_oak_stool": {
    "criteria": {
      "has_oak_slab": "2024-08-02 23:03:13 +0000"
    },
    "done": true
  },
  "biomesoplenty:biomesoplenty/root": {
    "criteria": {
      "shrubland": "2024-08-02 22:59:16 +0000"
    },
    "done": true
  },
  "valhelsia_furniture:recipes/decorations/lime_upholstered_oak_stool": {
    "criteria": {
      "has_oak_slab": "2024-08-02 23:03:13 +0000"
    },
    "done": true
  },
  "minecraft:recipes/redstone/oak_door": {
    "criteria": {
      "has_planks": "2024-08-02 23:03:09 +0000"
    },
    "done": true
  },
  "valhelsia_furniture:recipes/decorations/light_gray_upholstered_oak_stool": {
    "criteria": {
      "has_oak_slab": "2024-08-02 23:03:13 +0000"
    },
    "done": true
  },
  "valhelsia_furniture:recipes/decorations/white_upholstered_oak_stool": {
    "criteria": {
      "has_oak_slab": "2024-08-02 23:03:13 +0000"
    },
    "done": true
  },
  "naturescompass:natures_compass_sapling": {
    "criteria": {
      "has_recipe": "2024-08-02 23:03:08 +0000"
    },
    "done": true
  },
  "valhelsia_furniture:recipes/decorations/lime_oak_chair": {
    "criteria": {
      "has_oak_planks": "2024-08-02 23:03:09 +0000"
    },
    "done": true
  },
  "minecraft:recipes/building_blocks/oak_planks": {
    "criteria": {
      "has_logs": "2024-08-02 23:03:08 +0000"
    },
    "done": true
  },
  "betterdungeons:root": {
    "criteria": {
      "always": "2024-08-02 22:59:16 +0000"
    },
    "done": true
  },
  "valhelsia_furniture:recipes/decorations/light_blue_oak_chair": {
    "criteria": {
      "has_oak_planks": "2024-08-02 23:03:09 +0000"
    },
    "done": true
  },
  "storagedrawers:recipes/storagedrawers/gold_storage_upgrade": {
    "criteria": {
      "has_template": "2024-08-02 22:59:16 +0000"
    },
    "done": true
  },
  "minecraft:recipes/redstone/oak_trapdoor": {
    "criteria": {
      "has_planks": "2024-08-02 23:03:09 +0000"
    },
    "done": true
  },
  "valhelsia_furniture:recipes/decorations/gray_oak_chair": {
    "criteria": {
      "has_oak_planks": "2024-08-02 23:03:09 +0000"
    },
    "done": true
  },
  "alexsmobs:alexsmobs/root": {
    "criteria": {
      "useitem": "2024-08-02 22:59:34 +0000"
    },
    "done": true
  },
  "valhelsia_furniture:recipes/decorations/purple_upholstered_oak_stool": {
    "criteria": {
      "has_oak_slab": "2024-08-02 23:03:13 +0000"
    },
    "done": true
  },
  "minecraft:recipes/decorations/composter": {
    "criteria": {
      "has_wood_slab": "2024-08-02 23:03:13 +0000"
    },
    "done": true
  },
  "valhelsia_furniture:recipes/decorations/cyan_upholstered_oak_chair": {
    "criteria": {
      "has_oak_planks": "2024-08-02 23:03:09 +0000"
    },
    "done": true
  },
  "storagedrawers:recipes/storagedrawers/birch_trim": {
    "criteria": {
      "has_planks": "2024-08-02 22:59:16 +0000"
    },
    "done": true
  },
  "storagedrawers:recipes/storagedrawers/void_upgrade": {
    "criteria": {
      "has_template": "2024-08-02 22:59:16 +0000"
    },
    "done": true
  },
  "valhelsia_furniture:recipes/decorations/blue_oak_chair": {
    "criteria": {
      "has_oak_planks": "2024-08-02 23:03:09 +0000"
    },
    "done": true
  },
  "storagedrawers:recipes/storagedrawers/fill_level_upgrade": {
    "criteria": {
      "has_template": "2024-08-02 22:59:16 +0000"
    },
    "done": true
  },
  "valhelsia_furniture:recipes/decorations/brown_oak_chair": {
    "criteria": {
      "has_oak_planks": "2024-08-02 23:03:09 +0000"
    },
    "done": true
  },
  "betterdeserttemples:root": {
    "criteria": {
      "always": "2024-08-02 22:59:16 +0000"
    },
    "done": true
  },
  "valhelsia_furniture:recipes/decorations/pink_upholstered_oak_stool": {
    "criteria": {
      "has_oak_slab": "2024-08-02 23:03:13 +0000"
    },
    "done": true
  },
  "valhelsia_furniture:recipes/decorations/oak_desk": {
    "criteria": {
      "has_oak_planks": "2024-08-02 23:03:09 +0000"
    },
    "done": true
  },
  "valhelsia_furniture:recipes/decorations/oak_desk_drawer": {
    "criteria": {
      "has_oak_planks": "2024-08-02 23:03:09 +0000"
    },
    "done": true
  },
  "valhelsia_furniture:recipes/decorations/red_upholstered_oak_chair": {
    "criteria": {
      "has_oak_planks": "2024-08-02 23:03:09 +0000"
    },
    "done": true
  },
  "valhelsia_furniture:recipes/decorations/orange_upholstered_oak_chair": {
    "criteria": {
      "has_oak_planks": "2024-08-02 23:03:09 +0000"
    },
    "done": true
  },
  "minecraft:recipes/redstone/oak_pressure_plate": {
    "criteria": {
      "has_planks": "2024-08-02 23:03:09 +0000"
    },
    "done": true
  },
  "storagedrawers:recipes/storagedrawers/oak_trim": {
    "criteria": {
      "has_planks": "2024-08-02 22:59:16 +0000"
    },
    "done": true
  },
  "storagedrawers:recipes/storagedrawers/emerald_storage_upgrade": {
    "criteria": {
      "has_template": "2024-08-02 22:59:16 +0000"
    },
    "done": true
  },
  "storagedrawers:recipes/storagedrawers/obsidian_storage_upgrade": {
    "criteria": {
      "has_template": "2024-08-02 22:59:16 +0000"
    },
    "done": true
  },
  "valhelsia_furniture:recipes/decorations/black_oak_chair": {
    "criteria": {
      "has_oak_planks": "2024-08-02 23:03:09 +0000"
    },
    "done": true
  },
  "storagedrawers:recipes/storagedrawers/iron_storage_upgrade": {
    "criteria": {
      "has_template": "2024-08-02 22:59:16 +0000"
    },
    "done": true
  },
  "valhelsia_furniture:recipes/decorations/magenta_upholstered_oak_stool": {
    "criteria": {
      "has_oak_slab": "2024-08-02 23:03:13 +0000"
    },
    "done": true
  },
  "valhelsia_furniture:recipes/decorations/black_upholstered_oak_stool": {
    "criteria": {
      "has_oak_slab": "2024-08-02 23:03:13 +0000"
    },
    "done": true
  },
  "minecraft:recipes/decorations/oak_sign": {
    "criteria": {
      "has_planks": "2024-08-02 23:03:09 +0000"
    },
    "done": true
  },
  "valhelsia_furniture:recipes/decorations/red_oak_chair": {
    "criteria": {
      "has_oak_planks": "2024-08-02 23:03:09 +0000"
    },
    "done": true
  },
  "valhelsia_furniture:recipes/decorations/oak_chair": {
    "criteria": {
      "has_oak_planks": "2024-08-02 23:03:09 +0000"
    },
    "done": true
  },
  "storagedrawers:recipes/storagedrawers/diamond_storage_upgrade": {
    "criteria": {
      "has_template": "2024-08-02 22:59:16 +0000"
    },
    "done": true
  },
  "naturescompass:natures_compass": {
    "criteria": {
      "has_recipe": "2024-08-02 23:03:08 +0000"
    },
    "done": true
  },
  "valhelsia_furniture:recipes/decorations/blue_upholstered_oak_chair": {
    "criteria": {
      "has_oak_planks": "2024-08-02 23:03:09 +0000"
    },
    "done": true
  },
  "valhelsia_furniture:recipes/decorations/yellow_upholstered_oak_stool": {
    "criteria": {
      "has_oak_slab": "2024-08-02 23:03:13 +0000"
    },
    "done": true
  },
  "storagedrawers:recipes/storagedrawers/crimson_trim": {
    "criteria": {
      "has_planks": "2024-08-02 22:59:16 +0000"
    },
    "done": true
  },
  "minecraft:recipes/redstone/oak_fence_gate": {
    "criteria": {
      "has_planks": "2024-08-02 23:03:09 +0000"
    },
    "done": true
  },
  "minecraft:recipes/misc/charcoal": {
    "criteria": {
      "has_log": "2024-08-02 23:03:08 +0000"
    },
    "done": true
  },
  "naturescompass:natures_compass_log": {
    "criteria": {
      "has_log": "2024-08-02 23:03:08 +0000"
    },
    "done": true
  },
  "valhelsia_furniture:recipes/decorations/light_gray_upholstered_oak_chair": {
    "criteria": {
      "has_oak_planks": "2024-08-02 23:03:09 +0000"
    },
    "done": true
  },
  "storagedrawers:recipes/storagedrawers/drawer_key": {
    "criteria": {
      "has_template": "2024-08-02 22:59:16 +0000"
    },
    "done": true
  },
  "valhelsia_furniture:recipes/decorations/yellow_oak_chair": {
    "criteria": {
      "has_oak_planks": "2024-08-02 23:03:09 +0000"
    },
    "done": true
  },
  "valhelsia_furniture:recipes/decorations/light_blue_upholstered_oak_chair": {
    "criteria": {
      "has_oak_planks": "2024-08-02 23:03:09 +0000"
    },
    "done": true
  },
  "storagedrawers:recipes/storagedrawers/min_redstone_upgrade": {
    "criteria": {
      "has_template": "2024-08-02 22:59:16 +0000"
    },
    "done": true
  },
  "valhelsia_furniture:recipes/decorations/purple_upholstered_oak_chair": {
    "criteria": {
      "has_oak_planks": "2024-08-02 23:03:09 +0000"
    },
    "done": true
  },
  "minecraft:recipes/decorations/barrel": {
    "criteria": {
      "has_planks": "2024-08-02 23:03:09 +0000"
    },
    "done": true
  },
  "valhelsia_furniture:recipes/decorations/brown_upholstered_oak_stool": {
    "criteria": {
      "has_oak_slab": "2024-08-02 23:03:13 +0000"
    },
    "done": true
  },
  "valhelsia_furniture:recipes/decorations/green_upholstered_oak_chair": {
    "criteria": {
      "has_oak_planks": "2024-08-02 23:03:09 +0000"
    },
    "done": true
  },
  "valhelsia_furniture:recipes/decorations/lime_upholstered_oak_chair": {
    "criteria": {
      "has_oak_planks": "2024-08-02 23:03:09 +0000"
    },
    "done": true
  },
  "minecraft:recipes/building_blocks/oak_wood": {
    "criteria": {
      "has_log": "2024-08-02 23:03:08 +0000"
    },
    "done": true
  },
  "valhelsia_furniture:recipes/decorations/hay_oak_chair": {
    "criteria": {
      "has_oak_planks": "2024-08-02 23:03:09 +0000"
    },
    "done": true
  },
  "valhelsia_furniture:recipes/decorations/cyan_oak_chair": {
    "criteria": {
      "has_oak_planks": "2024-08-02 23:03:09 +0000"
    },
    "done": true
  },
  "valhelsia_furniture:recipes/decorations/magenta_oak_chair": {
    "criteria": {
      "has_oak_planks": "2024-08-02 23:03:09 +0000"
    },
    "done": true
  },
  "valhelsia_furniture:recipes/decorations/green_upholstered_oak_stool": {
    "criteria": {
      "has_oak_slab": "2024-08-02 23:03:13 +0000"
    },
    "done": true
  },
  "biomesoplenty:biomesoplenty/all_biomes": {
    "criteria": {
      "shrubland": "2024-08-02 22:59:16 +0000",
      "rocky_shrubland": "2024-08-02 23:00:10 +0000",
      "lavender_forest": "2024-08-02 23:00:48 +0000",
      "redwood_forest": "2024-08-02 23:01:30 +0000",
      "lavender_field": "2024-08-02 23:00:45 +0000"
    },
    "done": false
  },
  "minecraft:recipes/building_blocks/oak_stairs": {
    "criteria": {
      "has_planks": "2024-08-02 23:03:09 +0000"
    },
    "done": true
  },
  "storagedrawers:recipes/storagedrawers/warped_trim": {
    "criteria": {
      "has_planks": "2024-08-02 22:59:16 +0000"
    },
    "done": true
  },
  "minecraft:recipes/decorations/oak_fence": {
    "criteria": {
      "has_planks": "2024-08-02 23:03:09 +0000"
    },
    "done": true
  },
  "storagedrawers:recipes/storagedrawers/jungle_trim": {
    "criteria": {
      "has_planks": "2024-08-02 22:59:16 +0000"
    },
    "done": true
  },
  "storagedrawers:recipes/storagedrawers/max_redstone_upgrade": {
    "criteria": {
      "has_template": "2024-08-02 22:59:16 +0000"
    },
    "done": true
  },
  "valhelsia_furniture:recipes/decorations/white_upholstered_oak_chair": {
    "criteria": {
      "has_oak_planks": "2024-08-02 23:03:09 +0000"
    },
    "done": true
  },
  "minecraft:husbandry/root": {
    "criteria": {
      "consumed_item": "2024-08-02 22:59:34 +0000"
    },
    "done": true
  },
  "valhelsia_furniture:recipes/decorations/cyan_upholstered_oak_stool": {
    "criteria": {
      "has_oak_slab": "2024-08-02 23:03:13 +0000"
    },
    "done": true
  },
  "valhelsia_furniture:recipes/decorations/red_upholstered_oak_stool": {
    "criteria": {
      "has_oak_slab": "2024-08-02 23:03:13 +0000"
    },
    "done": true
  },
  "minecraft:recipes/redstone/oak_button": {
    "criteria": {
      "has_planks": "2024-08-02 23:03:09 +0000"
    },
    "done": true
  },
  "valhelsia_furniture:recipes/decorations/pink_upholstered_oak_chair": {
    "criteria": {
      "has_oak_planks": "2024-08-02 23:03:09 +0000"
    },
    "done": true
  },
  "valhelsia_furniture:recipes/decorations/purple_oak_chair": {
    "criteria": {
      "has_oak_planks": "2024-08-02 23:03:09 +0000"
    },
    "done": true
  },
  "storagedrawers:recipes/storagedrawers/redstone_upgrade": {
    "criteria": {
      "has_template": "2024-08-02 22:59:16 +0000"
    },
    "done": true
  },
  "storagedrawers:recipes/storagedrawers/spruce_trim": {
    "criteria": {
      "has_planks": "2024-08-02 22:59:16 +0000"
    },
    "done": true
  },
  "valhelsia_furniture:recipes/decorations/gray_upholstered_oak_chair": {
    "criteria": {
      "has_oak_planks": "2024-08-02 23:03:09 +0000"
    },
    "done": true
  },
  "valhelsia_furniture:recipes/decorations/white_oak_chair": {
    "criteria": {
      "has_oak_planks": "2024-08-02 23:03:09 +0000"
    },
    "done": true
  },
  "farmersdelight:main/root": {
    "criteria": {
      "seeds": "2024-08-02 22:59:16 +0000"
    },
    "done": true
  },
  "valhelsia_furniture:recipes/decorations/light_gray_oak_chair": {
    "criteria": {
      "has_oak_planks": "2024-08-02 23:03:09 +0000"
    },
    "done": true
  },
  "storagedrawers:recipes/storagedrawers/quantify_key": {
    "criteria": {
      "has_template": "2024-08-02 22:59:16 +0000"
    },
    "done": true
  },
  "storagedrawers:recipes/storagedrawers/dark_oak_trim": {
    "criteria": {
      "has_planks": "2024-08-02 22:59:16 +0000"
    },
    "done": true
  },
  "valhelsia_structures:recipes/building_blocks/oak_post": {
    "criteria": {
      "has_item": "2024-08-02 23:03:08 +0000"
    },
    "done": true
  },
  "create:recipes/building_blocks/oak_window": {
    "criteria": {
      "has_ingredient": "2024-08-02 23:03:09 +0000"
    },
    "done": true
  },
  "minecraft:adventure/adventuring_time": {
    "criteria": {
      "minecraft:river": "2024-08-02 23:00:46 +0000"
    },
    "done": false
  },
  "valhelsia_furniture:recipes/decorations/magenta_upholstered_oak_chair": {
    "criteria": {
      "has_oak_planks": "2024-08-02 23:03:09 +0000"
    },
    "done": true
  },
  "valhelsia_furniture:recipes/decorations/green_oak_chair": {
    "criteria": {
      "has_oak_planks": "2024-08-02 23:03:09 +0000"
    },
    "done": true
  },
  "valhelsia_furniture:recipes/decorations/orange_upholstered_oak_stool": {
    "criteria": {
      "has_oak_slab": "2024-08-02 23:03:13 +0000"
    },
    "done": true
  },
  "DataVersion": 3465
}